slug,title,category,type,cuisine,viewCount,ingredients_tr,steps_tr,tipNote_current,servingSuggestion_current
adana-kebap,Adana Kebap,et-yemekleri,YEMEK,tr,233,Dana kıyma (yağlı) 500 gr | Kuyruk yağı 100 gr | Pul biber 2 yemek kaşığı | Tuz 1 tatlı kaşığı | Karabiber 1 çay kaşığı | Kimyon 1 çay kaşığı | Sarımsak 4 diş,"1. Kıyma, kuyruk yağı, pul biber, tuz, karabiber, kimyon ve ezilmiş sarımsağı derin bir kapta karıştırın. || 2. En az 15 dakika yoğurun. Hamur gibi yapışkan bir kıvam almalı. || 3. Buzdolabında 1 saat dinlendirin. || 4. Islak ellerle geniş şişlere sarın. || 5. Mangal közünde veya ızgarada sık sık çevirerek 15-20 dakika pişirin.","Kıymayı en az 15 dakika yoğurun, yapışkan hale gelsin. Şişe sararken elinizi ıslak tutun.","Lavaş, közlenmiş domates, biber ve soğan salatası ile servis edin."
brik-tunus-usulu,Tunus Usulü Brik,aperatifler,APERATIF,ma,86,Yufka 4 adet | Patates 2 adet | Ton balığı 1 konserve | Yumurta 4 adet | Maydanoz 0.25 demet | Ayçiçek yağı 1.5 su bardağı | Limon 1 adet,"1. Patatesi haşlayıp ezerek ton balığı ve maydanozla karıştırın. || 2. Harcı yufkanın ortasına alın, yumurtayı kırın ve kenarları kapatın. || 3. Brikleri 6 dakika kızartıp limonla servis edin.",Yufkayı kapatırken kenarı sıkı bastırmak kızartma sırasında açılmasını engeller.,Üzerine sızma zeytinyağı ve pul biber gezdirip küçük derin tabakta mezelik sunum kurun.
boza,Boza,icecekler,ICECEK,tr,64,Darı unu 2 su bardağı | Şeker 1.5 su bardağı | Su 8 su bardağı | Yaş maya 0.5 tatlı kaşığı | Leblebi 2 yemek kaşığı,1. Darı ununu suyla karıştırıp kısık ateşte 1-2 saat pişirin. || 2. Soğumaya bırakın. Ilıyınca şeker ve çözülmüş mayayı ekleyin. || 3. Ağzı kapalı serin yerde 24-48 saat mayalanmaya bırakın. || 4. Süzüp buzdolabında saklayın. Leblebi ve tarçınla servis edin.,"Mayalanma süresi sıcaklığa göre değişir, 2-3 gün bekleyebilir.",Leblebi ve tarçın ile servis edin.
peanut-butter-milkshake,Peanut Butter Milkshake,smoothie-shake,ICECEK,us,56,Vanilyalı dondurma 4 top | Süt 1 su bardağı | Fıstık ezmesi 3 yemek kaşığı,1. Tüm malzemeyi blendera alın. || 2. 30 saniye pürüzsüz olana kadar çekin. || 3. Bekletmeden bardaklara paylaştırın.,Dondurmayı son anda ekleyin; uzun çekmek milkshake'i fazla inceltir.,Uzun bardakta üstüne 1 tatlı kaşığı kırık fıstık serperek servis edin.
baklava,Baklava,tatlilar,TATLI,tr,55,Baklava yufkası 500 gr | Ceviz içi 300 gr | Tereyağı 250 gr | Şeker 3 su bardağı | Su 2 su bardağı | Limon suyu 1 tatlı kaşığı,"1. Cevizleri çekin. Tereyağını eritin. || 2. Yufkaları tepsiye sererek aralarına tereyağı sürün. || 3. Her 3-4 yufkada bir ceviz serpin. || 4. Baklava şeklinde kesin. 170°C fırında 45 dk pişirin. || 5. Şerbeti hazırlayın: şeker ve suyu kaynatın, limon ekleyin. || 6. Sıcak baklavaya soğuk şerbeti gezdirin.",Baklava fırından yeni çıkmışsa üzerine soğuk şerbet dök. Baklava soğumuşsa sıcak şerbet kullan. İkisi birden sıcak olursa şerbet emmez.,Üstüne bir parça fıstık tozu veya ince tarçın gezdirip porselen tabakta servis yapın.
manti,Mantı,hamur-isleri,YEMEK,tr,37,Un 3 su bardağı | Yumurta 1 adet | Su 0.5 su bardağı | Kıyma 200 gr | Soğan (rendelenmiş) 1 adet | Yoğurt 300 gr | Sarımsak 3 diş | Tereyağı 50 gr | Pul biber 1 yemek kaşığı | Karabiber 0.5 çay kaşığı | Tuz 1 çay kaşığı,"1. Un, yumurta, su ve tuzla sert bir hamur yoğurun. 30 dk dinlendirin. || 2. Kıyma, rendelenmiş soğan, tuz ve karabiberi karıştırarak iç harç yapın. || 3. Hamuru ince açıp küçük kareler kesin, ortasına harç koyup kapatın. || 4. Kaynar tuzlu suda 15-20 dakika haşlayın. || 5. Sarımsaklı yoğurdu hazırlayın. Tereyağında pul biberi kızdırın. || 6. Mantıları tabağa alın, yoğurt ve pul biberli tereyağını gezdirin.",Mantılar ne kadar küçük olursa o kadar makbul. Sabırlı olun!,Sarımsaklı yoğurt ve pul biberli tereyağı ile servis edin.
aperol-spritz,Aperol Spritz,kokteyller,KOKTEYL,it,26,Aperol 60 ml | Prosecco 90 ml | Soda 30 ml | Buz 5 adet | Portakal dilimi 1 adet,"1. Büyük şarap bardağına buz doldurun. || 2. Sırasıyla Aperol, prosecco ve sodayı ekleyin. || 3. Hafifçe karıştırın, portakal dilimi ile süsleyin.",Kırılmış buz koktelin sulanma hızını arttırır; gin-tonic gibi uzun içeceklerde katı küp tercih edin.,Portakal dilimi ile süsleyin.
mercimek-koftesi,Mercimek Köftesi,baklagil-yemekleri,APERATIF,tr,23,Kırmızı mercimek 1 su bardağı | İnce bulgur 1.5 su bardağı | Soğan 1 adet | Domates salçası 1 yemek kaşığı | Biber salçası 1 yemek kaşığı | Zeytinyağı 0.5 çay bardağı | Taze soğan 4 dal | Maydanoz 0.5 demet | Limon suyu 2 yemek kaşığı | Tuz 1 tatlı kaşığı,"1. Mercimeği 3 su bardağı suyla yumuşayana kadar 18-20 dakika haşlayın. || 2. Bulguru sıcak mercimeğe ekleyin, kapağı kapatın ve 15 dakika dinlendirin. || 3. Soğanı zeytinyağında 5 dakika kavurun, salçaları ekleyip 2 dakika çevirin. || 4. Salçalı karışımı mercimeğe ekleyin ve 5 dakika yoğurun. || 5. Doğranmış yeşillik, limon suyu ve tuzu ekleyip köfte şekli verin.",Bulguru mercimek sıcakken ekleyin; kapağı kapalı dinlenirse suyu tam çeker.,Marul yaprakları ve limon dilimleriyle servis edin.
lahmacun,Lahmacun,hamur-isleri,YEMEK,tr,21,Un 3 su bardağı | Su 1 su bardağı | Maya 1 tatlı kaşığı | Kıyma 300 gr | Soğan 2 adet | Domates 2 adet | Biber salçası 2 yemek kaşığı | Maydanoz 1 demet | Pul biber 0.5 çay kaşığı | Tuz 1 çay kaşığı,"1. Un, su, maya ve tuzu yoğurup hamur yapın. 30 dk dinlendirin. || 2. Kıyma, ince doğranmış soğan, domates, salça, maydanoz ve baharatları karıştırarak harç hazırlayın. || 3. Hamuru bezlere ayırın, çok ince açın. || 4. Harcı ince bir tabaka halinde sürün. || 5. 250°C fırında 8-10 dakika pişirin.","Hamuru çok ince açın, kağıt gibi olmalı.","Maydanoz, limon ve ayran ile servis edin."
ezogelin-corbasi,Ezogelin Çorbası,corbalar,CORBA,tr,18,Kırmızı mercimek 1 su bardağı | İnce bulgur 3 yemek kaşığı | Pirinç 2 yemek kaşığı | Soğan 1 adet | Domates salçası 1 yemek kaşığı | Biber salçası 1 yemek kaşığı | Tereyağı 2 yemek kaşığı | Nane 1 çay kaşığı | Pul biber 0.5 çay kaşığı | Tuz 1 çay kaşığı,"1. Soğanı tereyağında kavurun. Salçaları ekleyip 1 dk kavurun. || 2. Yıkanmış mercimek, bulgur ve pirinci ekleyin. || 3. 6 su bardağı su ekleyin, kaynayana kadar karıştırın. || 4. Kısık ateşte 25 dakika pişirin. || 5. Tuz, nane ve pul biber ile tatlandırın.","Çorbayı blenderdan geçirmeyin, dokusu öyle daha güzel.",Limon ve kuru nane ile servis edin.
tacos-al-pastor,Tacos al Pastor,et-yemekleri,YEMEK,mx,18,Dana eti 600 gr | Mısır tortilla 8 adet | Ananas 1 su bardağı | Acı biber püresi 2 yemek kaşığı | Soğan 1 adet,"1. Eti acı biber püresi ve ananasla 30 dakika marine edin. || 2. Eti tavada 12-15 dakika pişirin. || 3. Tortillaları ısıtıp et, soğan ve ananasla doldurun.",Eti ince dilimleyin; marine kısa sürede yüzeye işler ve tavada hızlı kızarır.,"Kişniş, soğan ve lime ile servis edin."
revani,Revani,tatlilar,TATLI,tr,17,İrmik 1 su bardağı | Un 1 su bardağı | Şeker 1 su bardağı | Yumurta 3 adet | Yoğurt 1 su bardağı | Kabartma tozu 1 paket | Şeker 2 su bardağı | Su 2.5 su bardağı | Limon suyu 1 yemek kaşığı,"1. Şerbeti hazırlayın: şeker ve suyu kaynatın, limon ekleyin, soğutun. || 2. Yumurta ve şekeri çırpın. Yoğurt, irmik, un ve kabartma tozunu ekleyin. || 3. Yağlanmış tepsiye dökün, 180°C fırında 25-30 dk pişirin. || 4. Sıcak kekin üzerine soğuk şerbeti gezdirin.",Kek sıcakken soğuk şerbet dök. Kek soğumuşsa sıcak şerbet kullan. İkisi birden sıcak olursa kek hamur gibi kalır.,Hindistan cevizi ile süsleyerek servis edin.
imam-bayildi,İmam Bayıldı,sebze-yemekleri,YEMEK,tr,15,Patlıcan 4 adet | Soğan 3 adet | Domates 3 adet | Sarımsak 4 diş | Zeytinyağı 1/2 su bardağı | Tuz | Şeker | Maydanoz,"1. Patlıcanları alacalı soyun, yarın ve tuzlu suda bekletin. || 2. Soğanları halka kesin, zeytinyağında kavurun. || 3. Domatesleri rendeleyin, sarımsakla ekleyin. || 4. Patlıcanları tepsiye dizin, harcı doldurun. || 5. Üzerine sıcak su ekleyin, 180°C fırında 40 dk pişirin.",Otları kıymadan önce çok kuru olmasına dikkat edin; ıslak yaprak aroma yerine acılık bırakır.,"Sıcak pide veya lavaşla birlikte tabakta sunun, üstüne bir kaşık tahin tarator düşünülebilir."
karniyarik,Karnıyarık,et-yemekleri,YEMEK,tr,15,Patlıcan 4 adet | Kıyma 300 gr | Soğan 2 adet | Domates 2 adet | Biber salçası 1 yemek kaşığı | Sivri biber 2 adet | Sarımsak 3 diş | Tuz 1 çay kaşığı | Karabiber 0.5 çay kaşığı | Sıvı yağ 3 yemek kaşığı,"1. Patlıcanları yıkayın ve alacalı soyun. Ortadan yarıp tuzlu suda 15 dakika bekletin. || 2. Patlıcanları sudan çıkarıp kurulayın. Kızgın yağda her iki tarafını kızartın. || 3. Soğanları ince doğrayın. Ayrı bir tavada yağda pembeleşene kadar kavurun. || 4. Kıymayı ekleyin, suyunu çekene kadar karıştırarak pişirin. || 5. Doğranmış domatesleri, salçayı, sarımsağı ve baharatları ekleyin. 5 dakika pişirin. || 6. Kızartılmış patlıcanları tepsiye dizin, ortalarını açıp kıymalı harcı doldurun. || 7. Önceden ısıtılmış 180°C fırında 25 dakika pişirin.",Patlıcanları tuzlu suda bekletmek hem acılığını alır hem de yağ çekmesini azaltır.,Pilav ve cacık ile servis edin.
mojito,Mojito,kokteyller,KOKTEYL,cu,13,Beyaz rom 50 ml | Lime 1 adet | Nane yaprakları 8-10 adet | Şeker 2 tatlı kaşığı | Soda tamamlayacak kadar | Buz bol,"1. Bardağa nane yapraklarını, lime dilimlerini ve şekeri koyun. Muddler ile ezin. || 2. Buz ekleyin, romu dökün. || 3. Soda ile tamamlayın, nazikçe karıştırın.",Shake yapıyorsanız en az 12 saniye; kısa shake ne soğutur ne karıştırır.,Soğuk içecek için 1 saat önceden bardakları buzdolabında bekletin; sıcak camda aroma zayıflar.
etli-kuru-fasulye,Etli Kuru Fasulye,baklagil-yemekleri,YEMEK,tr,12,Kuru fasulye 2 su bardağı | Dana eti 300 gr | Soğan 1 adet | Domates salçası 1 yemek kaşığı | Biber salçası 1 tatlı kaşığı | Sıcak su 5 su bardağı,"1. Fasulyeyi bir gece suda bekletip süzün. || 2. Dana eti ve soğanı tencerede 10 dakika kavurun. || 3. Fasulye, salça ve sıcak suyu ekleyip 80-90 dakika pişirin.",Fasulyeyi bir gece suda bekletin; pişme süresi kısalır ve taneler eşit yumuşar.,Pirinç pilavı ve turşuyla servis edin.
feijoada,Feijoada,baklagil-yemekleri,YEMEK,br,12,Siyah fasulye 500 gr | Dana kuşbaşı 500 gr | Dana sucuk 250 gr | Soğan 2 adet | Defne yaprağı 2 adet,"1. Fasulyeyi süzüp tencereye alın, etler ve defne yaprağıyla kaplayacak kadar su ekleyin. || 2. Kısık ateşte 2 saat pişirin. || 3. Soğanı kavurup tencereye ekleyin ve 30 dakika daha pişirin.",Fasulyeyi bir gece ıslatın; pişirme süresi kısalır ve taneler dağılmadan yumuşar.,"Pirinç pilavı, portakal dilimi ve farofa ile servis edin."
kottbullar,Köttbullar,et-yemekleri,YEMEK,se,12,Dana kıyma 500 gr | Ekmek kırıntısı 60 gr | Yumurta 1 adet | Süt 100 ml | Krema 150 ml,"1. Kıyma, ekmek kırıntısı, yumurta ve sütü yoğurup küçük köfteler yapın. || 2. Köfteleri tavada 15 dakika pişirin. || 3. Aynı tavada krema ile sos hazırlayıp köfteleri sosa alın.",Köfte harcını 20 dakika dinlendirin; ekmek kırıntısı nemi tutar ve köfteler dağılmaz.,Patates püresi ve yaban mersini reçeliyle servis edin.
yaprak-sarma,Yaprak Sarma,sebze-yemekleri,YEMEK,tr,12,Asma yaprağı 50 adet | Pirinç 1.5 su bardağı | Soğan 3 adet | Zeytinyağı 100 ml | Domates salçası 1 yemek kaşığı | Nane 1 yemek kaşığı | Maydanoz 1 demet | Limon suyu 2 yemek kaşığı | Tuz 1 çay kaşığı | Karabiber 0.5 çay kaşığı | Yenibahar 0.5 çay kaşığı,"1. Pirinci yıkayıp 30 dakika suda bekletin. || 2. Soğanları ince ince doğrayın. Zeytinyağında kavurun. || 3. Pirinci süzüp soğanlara ekleyin. Salça, baharat ve yeşillikleri ekleyin. || 4. Yaprakları açıp harcı koyun, sıkıca sarın. || 5. Tencereye dizin, üstünü geçecek kadar su ekleyin. Kısık ateşte 50-60 dk pişirin. || 6. Ocaktan alın, soğumaya bırakın. Soğuk servis edin.","Yaprakları çok sıkı sarmayın, pirinç pişerken şişer.",Limon dilimi ve yoğurt ile soğuk servis edin.
gin-tonik,Gin Tonik,kokteyller,KOKTEYL,tr,11,Gin 50 ml | Tonik suyu 150 ml | Buz 5 adet | Lime dilimi 1 adet,"1. Bardağa buz doldurun. || 2. Gin'i ekleyin, tonik suyu yavaşça gezdirin. || 3. Lime dilimi ile süsleyin.",İyi kalite tonik suyu farkı büyük.,"Kısa köpüklü bardakta, üstüne ince rende muskat gezdirip Avrupai bir sunum verin."
iskender-kebap,İskender Kebap,et-yemekleri,YEMEK,tr,11,Kuzu eti (ince dilim) 600 gr | Pide ekmeği 2 adet | Süzme yoğurt 300 gr | Domates 4 adet | Tereyağı 80 gr | Biber salçası 1 yemek kaşığı | Tuz 1 çay kaşığı | Karabiber 0.5 çay kaşığı,"1. Domatesleri rendeleyin. Bir tencerede salça ile birlikte kaynatın, tuz ekleyin. || 2. Pideleri küçük parçalara bölün, servis tabağına dizin. || 3. Et dilimlerini yüksek ateşte 2-3 dakika soteleyin. || 4. Pide üzerine eti yerleştirin, domates sosunu gezdirin. || 5. Yoğurdu yan tarafa koyun. Kızgın tereyağını üzerine gezdirin.","Tereyağını en son kızgın şekilde üzerine gezdirin, cızırdaması önemli.",Közlenmiş yeşil biber ve domates ile servis edin.
albondigas,Albondigas,et-yemekleri,YEMEK,es,10,Dana kıyma 600 gr | Ekmek kırıntısı 80 gr | Yumurta 1 adet | Domates sosu 400 ml,"1. Kıyma, ekmek kırıntısı ve yumurtayı yoğurun. || 2. Köfteleri kızgın tavada 8 dakika mühürleyin. || 3. Domates sosunda 20 dakika pişirin.","Köfteleri sosa atmadan önce tavada her yüzünü mühürleyin; mühürleme kıvamı tutar, köfte sostan dağılmaz.",Kızarmış ekmek dilimleriyle servis edin.
amasya-coregi,Amasya Çöreği,hamur-isleri,KAHVALTI,tr,10,Un 600 gr | Süt 250 ml | Ceviz 180 gr | Haşhaş ezmesi 120 gr,1. Sütlü mayalı hamur yoğurup 40 dakika dinlendirin. || 2. Ceviz ve haşhaşlı içi hamura yayın. || 3. 180°C fırında 30 dakika pişirin.,Uzun pişimde ara ara karıştırmak tabanın tutmasını ve karamel tabakanın yanmasını engeller.,"Çay ile, ılık veya oda sıcaklığında servis edin."
edirne-cigeri,Edirne Ciğeri,et-yemekleri,YEMEK,tr,10,Dana ciğeri 600 gr | Un 120 gr | Ayçiçek yağı 500 ml | Kuru acı biber 8 adet,1. Ciğeri ince yaprak doğrayıp süzün. || 2. Ciğeri una bulayıp fazla ununu silkeleyin. || 3. Kızgın yağda 2-3 dakika kızartın.,"Ciğeri bıçak sırtı kalınlığında doğrayın; kalın kesilirse içi sertleşir, ince kesilirse çıtır olur.",Kızarmış sivri biberler ile servis edin.
firinda-karniyarik,Fırında Karnıyarık,sebze-yemekleri,YEMEK,tr,10,Patlıcan 4 adet | Dana kıyma 300 gr | Soğan 1 adet | Domates 2 adet | Yeşil biber 3 adet,"1. Patlıcanları kızgın yağda 8 dakika kızartın. || 2. Kıyma, soğan, domates ve biberi 15 dakika pişirin. || 3. Patlıcanları açıp harçla doldurun. || 4. 180°C fırında 25 dakika pişirin.",Patlıcanları çizmeden önce kurulayın; kızgın yağda sıçrama azalır.,Pirinç pilavı ve cacıkla servis edin.
sucuklu-yumurta,Sucuklu Yumurta,kahvaltiliklar,KAHVALTI,tr,10,Sucuk 100 gr | Yumurta 3 adet | Tuz 0.5 çay kaşığı | Karabiber 0.5 çay kaşığı,"1. Sucuğu ince dilimleyin, tavaya dizin. || 2. Orta ateşte kendi yağında kızartın. || 3. Yumurtaları kırın, kapağını kapatıp 2-3 dakika pişirin.",Yumurtayı sucuğun yağı çıktıktan sonra kırın.,"Sıcak servis edip yanına bal, kaymak ve tereyağlı simit dilimleri koyun."
bursa-pideli-kofte,Bursa Pideli Köfte,et-yemekleri,YEMEK,tr,9,Dana kıyma 600 gr | Tırnak pide 2 adet | Domates sosu 350 ml | Tereyağı 80 gr,"1. Kıymayı yoğurup yassı köfteler hazırlayın. || 2. Köfteleri ızgarada 12 dakika pişirin. || 3. Pide, sos ve tereyağıyla sıcak servis edin.","Pideyi servis tabağında ince kesin, üzerine sos dökün, en son kızgın tereyağı gezdirin; tereyağı soğursa aroma düşer.",Yanında yoğurt ve közlenmiş biber ile servis edin.
coban-salatasi,Çoban Salatası,salatalar,SALATA,tr,9,Domates 3 adet | Salatalık 2 adet | Sivri biber 2 adet | Soğan 1 adet | Maydanoz 1 demet | Zeytinyağı | Limon | Tuz,"1. Tüm sebzeleri küçük küçük doğrayın. || 2. Derin bir kaseye alın. || 3. Zeytinyağı, limon suyu ve tuz ile harmanlayın.","Malzemeleri doğrayıp sosu en son ekleyin; önce karıştırırsanız salatalık ve domates su bırakır, kase sulanır.","Soğuk servis için 10 dakika buzdolabında dinlendirin, yanına lavaş ekmek koyun."
fabada-asturiana,Fabada Asturiana,baklagil-yemekleri,YEMEK,es,9,Beyaz fasulye 500 gr | Dana sucuk 250 gr | Tütsülü et 250 gr | Safran 0.5 çay kaşığı,1. Fasulyeyi bir gece ıslatın. || 2. Etler ve safranla tencereye alın. || 3. Kısık ateşte 2 saat pişirin.,Eti pişirmeden 20 dakika önce buzdolabından çıkarıp oda sıcaklığına getirmek eşit pişim sağlar.,"Sıcak olarak, ekmek ile servis edin."
icli-kofte,İçli Köfte,et-yemekleri,YEMEK,tr,9,İnce bulgur 2 su bardağı | İrmik 0.5 su bardağı | Dana kıyma 300 gr | Soğan 2 adet | Ceviz 0.75 su bardağı,"1. Bulgur ve irmiği 15 dakika sıcak suyla bekletin. || 2. Kıyma, soğan ve cevizi 15 dakika kavurun. || 3. Dış harcı 10 dakika yoğurun. || 4. Köfteleri doldurup 6-8 dakika kızartın.",Dış hamuru avuçta çatlamadan açılana kadar yoğurun; çatlaklar kızartmada açılır.,Limon ve maydanozla sıcak servis edin.
ali-nazik,Ali Nazik Kebabı,et-yemekleri,YEMEK,tr,8,Kuşbaşı kuzu eti 400 gr | Patlıcan 3 adet | Süzme yoğurt 300 gr | Sarımsak 3 diş | Tereyağı 40 gr | Tuz 1 çay kaşığı | Pul biber 0.5 çay kaşığı,"1. Patlıcanları közleyin, kabuklarını soyun, ince ince doğrayın. || 2. Közlenmiş patlıcanı yoğurt ve ezilmiş sarımsakla karıştırın, tuzlayın. || 3. Kuşbaşı eti tereyağında sote yapın, yumuşayana kadar pişirin. || 4. Patlıcan-yoğurt karışımını tabağa yayın, üzerine eti koyun. || 5. Kızgın tereyağı ve pul biberi üzerine gezdirin.","Patlıcanları közledikten sonra hemen soğuk suya atın, kabuğu kolay soyulur.",Bulgur pilavı ile harika gider.
bulgur-pilavi,Bulgur Pilavı,makarna-pilav,YEMEK,tr,8,Bulgur (pilavlık) 2 su bardağı | Soğan 1 adet | Domates salçası 1 yemek kaşığı | Biber salçası 1 tatlı kaşığı | Sıvı yağ 2 yemek kaşığı | Su 3 su bardağı | Tuz 1 tatlı kaşığı,"1. Soğanı yağda kavurun, salçaları ekleyip 1 dk kavurun. || 2. Bulguru ekleyin, karıştırın. || 3. Sıcak suyu ekleyin, kaynayınca kısık ateşte 15 dk pişirin. || 4. Altına havlu koyup 10 dk dinlendirin.","Pirinci pişmeden önce ılık tuzlu suda 20 dakika bekletmek taneleri ayrıştırır, pilav dağılmaz.",Cacık ile servis edin.
hatay-kaytaz-boregi,Hatay Kaytaz Böreği,hamur-isleri,YEMEK,tr,8,Un 500 gr | Maya 10 gr | Dana kıyma 400 gr | Nar ekşisi 2 yemek kaşığı,"1. Mayalı hamuru yoğurup 35 dakika dinlendirin. || 2. Kıyma, soğan ve nar ekşisiyle iç hazırlayın. || 3. Hamurları içle kaplayıp 200°C fırında 25 dakika pişirin.",Kıymalı harcı hamurun üzerine bastırarak yayın; pişerken harç ayrılmaz.,Sumaklı soğan ve ayranla sıcak servis edin.
pan-con-tomate,Pan con Tomate,aperatifler,APERATIF,es,8,Ekşi mayalı ekmek 8 dilim | Olgun domates 3 adet | Sarımsak 2 diş | Zeytinyağı 4 yemek kaşığı,1. Ekmekleri kızartın. || 2. Sarımsağı ekmeğe sürün. || 3. Domates rendesi ve zeytinyağıyla servis edin.,Mayalı hamursa kabardıktan sonra hafifçe yumruk atıp tekrar bekletmek iç dokuyu düzenler.,Zeytinyağını bolca gezdirerek hemen servis edin.
samsun-kaz-tiridi,Samsun Kaz Tiridi,et-yemekleri,YEMEK,tr,8,Kaz eti 1.5 kg | Kuru yufka 5 adet | Yoğurt 300 gr | Tereyağı 60 gr,1. Kaz etini 2 saat haşlayın. || 2. Yufkaları et suyuyla ıslatıp tabağa dizin. || 3. Eti didikleyip yoğurt ve tereyağıyla servis edin.,Yufkayı et suyuyla azar azar ıslatın; fazla su yufkayı hamurlaştırır.,Sarımsaklı yoğurt ve pul biberli tereyağıyla servis edin.
soguk-cay,Soğuk Çay,icecekler,ICECEK,tr,8,Siyah çay 4 poşet | Su 1 litre | Şeker 4 yemek kaşığı | Limon suyu 2 yemek kaşığı | Buz 1 avuç,"1. Suyu kaynatın, çayları demleyin, 5 dk bekletin. || 2. Çay poşetlerini çıkarın, şekeri karıştırarak eritin. || 3. Limon suyunu ekleyin, soğumaya bırakın. || 4. Buzdolabında en az 2 saat soğutun, buzlu servis edin.","Çayı soğutmadan şekeri ekleyin, daha iyi erir.",Bol buz ve limon dilimi ile.
etli-nohut,Etli Nohut,baklagil-yemekleri,YEMEK,tr,7,Nohut (haşlanmış) 2 su bardağı | Kuşbaşı dana eti 300 gr | Soğan 1 adet | Domates salçası 1 yemek kaşığı | Tereyağı 2 yemek kaşığı | Tuz 1 çay kaşığı | Karabiber 0.5 çay kaşığı,"1. Eti tereyağında sote yapın, soğanı ekleyip kavurun. || 2. Salçayı ekleyin, 1-2 dakika kavurun. || 3. Haşlanmış nohutu ve 2 su bardağı su ekleyin. || 4. Kısık ateşte 45-60 dakika pişirin.",Nohutu bir gece önceden suda bekletin.,Pirinç pilavı ve turşu ile servis edin.
kunefe,Künefe,tatlilar,TATLI,tr,7,Tel kadayıf 250 gr | Künefe peyniri 200 gr | Tereyağı (eritilmiş) 100 gr | Şeker 2 su bardağı | Su 1.5 su bardağı | Limon suyu 1 tatlı kaşığı | Antep fıstığı 2 yemek kaşığı,"1. Şerbeti hazırlayın: şeker ve suyu kaynatın, limon ekleyin, soğumaya bırakın. || 2. Tel kadayıfı ince ince didikleyin, eritilmiş tereyağı ile karıştırın. || 3. Yarısını tepsiye basın, peyniri yayın, kalan kadayıfı üstüne koyun. || 4. Orta ateşte her iki tarafını kızartın. || 5. Soğuk şerbeti sıcak künefeye gezdirin. Fıstık serpin.",Peyniri tuzdan arındırmak için bir gece suda bekletin.,Antep fıstığı ile sıcak servis edin.
kuru-fasulye,Kuru Fasulye,baklagil-yemekleri,YEMEK,tr,7,Kuru fasulye 2 su bardağı | Soğan 1 adet | Domates salçası 2 yemek kaşığı | Biber salçası 1 yemek kaşığı | Sıvı yağ 3 yemek kaşığı | Sıcak su 4 su bardağı | Tuz | Karabiber | Pul biber,1. Fasulyeleri bir gece suda bekletin. Ertesi gün süzün. || 2. Soğanı yağda kavurun. Salçaları ekleyin. || 3. Fasulyeleri ve sıcak suyu ekleyin. Kısık ateşte pişirin. || 4. Yumuşayınca tuz ve baharatları ekleyin.,Fasulyeleri bir gece önceden ıslatın.,Yanına bulgur pilavı ve turşu koyarak derin kasede verin; üzerine pul biber gezdirin.
margarita,Margarita,kokteyller,KOKTEYL,mx,7,Tekila 50 ml | Lime suyu 25 ml | Triple sec 20 ml | Buz 5 adet | Tuz (kenar için) 1 çay kaşığı,"1. Bardak kenarını lime ile ıslatıp tuza bastırın. || 2. Shaker'a tekila, lime suyu, triple sec ve buz koyun. || 3. 10-15 saniye sert sallayın, süzüp bardağa dökün.",Bardak kenarına tuz çekmek için lime dilimi kullanın.,"Yüksek ince bardakta buzla birlikte verin, bardağın kenarını limon kabuğuyla gezdirip süsleyin."
mercimek-corbasi,Mercimek Çorbası,corbalar,CORBA,tr,7,Kırmızı mercimek 1.5 su bardağı | Soğan 1 adet | Havuç 1 adet | Patates 1 adet | Domates salçası 1 yemek kaşığı | Su 6 su bardağı | Tereyağı 1 yemek kaşığı | Tuz | Karabiber | Kimyon,"1. Mercimekleri yıkayın. Soğanı, havucu ve patatesi küçük küçük doğrayın. || 2. Tencereye az yağ koyun, soğanı kavurun. Diğer sebzeleri ekleyin. || 3. Mercimekleri ve suyu ekleyin. Kaynamaya bırakın. || 4. Mercimekler yumuşayınca blender ile pürüzsüz hale getirin. || 5. Tuz, karabiber ve kimyon ekleyin. Tereyağı ile servis edin.","Limon sıkarak servis edin, lezzeti katlayacaktır.","Çorbayı ince uzun kaselere alıp yanına turşu tabağı koyun, küçük bir kase pul biber ayrı dursun."
sahlep,Sahlep,kahve-sicak-icecekler,ICECEK,tr,7,Süt 500 ml | Sahlep tozu 2 yemek kaşığı | Şeker 2 yemek kaşığı | Tarçın 1 çay kaşığı,"1. Soğuk sütte sahlep tozunu ve şekeri çözün. || 2. Orta ateşte sürekli karıştırarak kaynatın. || 3. Koyulaşınca bardaklara paylaştırın, tarçın serpin.","Sürekli karıştırın, topak olmasın.",Tarçın serperek sıcak servis edin.
acaraje,Acaraje,aperatifler,APERATIF,tr,6,Kuru börülce 400 gr | Soğan 1 adet | Karides 350 gr | Sıvı yağ 700 ml,1. Börülceyi 8 saat ıslatıp kabuklarını ayırın. || 2. Börülce ve soğanı püre yapıp toplar hazırlayın. || 3. Topları kızartıp karidesli içle doldurun.,Balığı derisi aşağıda tavaya koyup 3 dakika kıpırdatmadan bırakın; deri ayrılmadan çıtır tabaka oluşur.,"Taze limon ve roka ile soğumadan masaya götürün, yanına ılık patates eşlik etsin."
acili-eksili-corba,Acılı Ekşili Çorba,corbalar,CORBA,th,6,Tofu 200 gr | Mantar 150 gr | Yumurta 1 adet | Soya sosu 2 yemek kaşığı | Pirinç sirkesi 3 yemek kaşığı,1. Mantar ve tofuyu suda 10 dakika kaynatın. || 2. Soya sosu ve sirkeyi ekleyin. || 3. Çırpılmış yumurtayı ince akıtarak çorbaya karıştırın. || 4. Çorbayı 3 dakika daha pişirin.,Çırpılmış yumurtayı ince akıtarak ekleyin; çorbada ipek şeritler oluşur.,Taze soğanla sıcak servis edin.
adana-anali-kizli-kofte,Adana Analı Kızlı Köfte,corbalar,CORBA,tr,6,İnce bulgur 500 gr | Dana kıyma 350 gr | Nohut 1 su bardağı | Nar ekşisi 3 yemek kaşığı,1. Bulgur hamurundan büyük ve küçük köfteler hazırlayın. || 2. Nohutlu salçalı suyu kaynatın. || 3. Köfteleri ekleyip 25 dakika pişirin.,Parçaları tencereye aynı anda doldurmayın; iki etaba bölmek kavurma yerine haşlanma riskini engeller.,Yanına çıtır bruşetta ve sarımsaklı yoğurt sosu koyup kışlık tabak kurgulayın.
afyon-bukmesi,Afyon Bükmesi,hamur-isleri,YEMEK,tr,6,Un 500 gr | Haşhaş ezmesi 120 gr | Haşlanmış yeşil mercimek 250 gr | Soğan 1 adet,1. Un ve suyla yumuşak hamur yoğurun. || 2. Mercimekli içi soğanla kavurun. || 3. Hamuru haşhaşlayıp içle kapatın ve 200°C fırında 25 dakika pişirin.,Tuzu pişmenin sonunda eklemek baklagilin kabuğunun sertleşmesini engeller.,Ayran veya çay eşliğinde sıcak servis edin.
anzac-biscuits,ANZAC Biscuits,tatlilar,TATLI,au,6,Yulaf 1 su bardağı | Un 1 su bardağı | Hindistan cevizi 1 su bardağı | Altın şurup 2 yemek kaşığı | Tereyağı 100 gr,1. Kuru malzemeleri karıştırın. || 2. Eritilmiş tereyağı ve şurubu ekleyip hamur yapın. || 3. Kurabiyeleri 180°C fırında 15 dakika pişirin.,Kurabiyeler arası 5 cm boşluk bırakmak fırında yayılmaları için yeterli alan verir.,Çay ya da kahve yanında soğuduktan sonra servis edin.
ayran,Ayran,icecekler,ICECEK,tr,6,Yoğurt 2 su bardağı | Su 1 su bardağı | Tuz 1/2 tatlı kaşığı,"1. Yoğurt, su ve tuzu derin bir kaba alın. || 2. Blender veya çırpıcı ile köpürene kadar çırpın. || 3. Soğuk servis edin.",İçeceği servis etmeden önce süzüp berrak tutmak sunumu düzenler; tortu bardağın dibinde kalır.,"Kısa köpüklü bardakta, üstüne ince rende muskat gezdirip Avrupai bir sunum verin."
akdeniz-salatasi,Akdeniz Salatası,salatalar,SALATA,tr,5,Akdeniz yeşilliği 1 paket | Cherry domates 12 adet | Salatalık 2 adet | Siyah zeytin 0.5 su bardağı | Beyaz peynir 150 gr | Zeytinyağı 3 yemek kaşığı | Limon suyu 2 yemek kaşığı,"1. Yeşillikleri yıkayıp kurulayın. || 2. Sebze, zeytin ve peyniri salata kasesine alın. || 3. Zeytinyağı ve limon suyunu ekleyip karıştırın.",Sosu servis öncesi ekleyin; yeşillikler diri kalır.,Izgara tavuk yanında servis edin.
aloo-gobi,Aloo Gobi,sebze-yemekleri,YEMEK,in,5,Patates 500 gr | Karnabahar 600 gr | Domates 2 adet | Zerdeçal 1 tatlı kaşığı,1. Patates ve karnabaharı eş boyda doğrayın. || 2. Baharatları yağda 1 dakika kavurun. || 3. Sebzeleri ekleyip 25-30 dakika pişirin.,Ocaktan aldıktan sonra 3 dakika dinlendirmek aroma bileşenlerinin birleşmesine zaman tanır.,Naan ekmek veya pirinç ile servis edin.
asure,Aşure,tatlilar,TATLI,tr,5,Aşurelik buğday 2 su bardağı | Nohut 0.5 su bardağı | Kuru fasulye 0.5 su bardağı | Şeker 2.5 su bardağı | Kuru kayısı 10 adet | Kuru üzüm 0.5 su bardağı | İncir 6 adet | Ceviz içi 0.5 su bardağı | Fındık 0.5 su bardağı | Su 12 su bardağı,"1. Buğday, nohut ve fasulyeyi bir gece ayrı kaplarda ıslatın. || 2. Buğdayı 90 dakika, nohut ve fasulyeyi ayrı tencerelerde yumuşayana kadar haşlayın. || 3. Buğdayın tenceresine nohut, fasulye ve suyu ekleyip 20 dakika kaynatın. || 4. Doğranmış kayısı, üzüm ve şekeri ekleyip 20 dakika daha pişirin. || 5. İnciri son 5 dakikada ekleyin ve tatlıyı kaselere paylaştırın. || 6. Ceviz ve fındıkla süsleyin.","Buğday, nohut ve fasulyeyi ayrı haşlayın; her malzeme kendi süresinde yumuşar ve tatlı bulanıklaşmaz.","Nar, tarçın ve cevizle kaselerde servis edin."
atom-sos,Atom Sos,soslar-dippler,SOS,tr,5,Yoğurt 3 yemek kaşığı | Mayonez 3 yemek kaşığı | Sarımsak 2 diş | Pul biber 1 tatlı kaşığı | Hardal 1 tatlı kaşığı | Tuz 1 çay kaşığı,1. Sarımsağı ezip pul biber ve hardalla harmanlayın. || 2. Yoğurt ve mayonezi bu karışımla çırpıp tuzlayın. || 3. Buzdolabında 15 dakika dinlendirip servis edin.,"Hazırlık kısa olsa da malzemeleri soğuk sudan geçirmeden önce kuru alır, tavaya sapa sapa değil tek tabakada serersiniz.",Taze dilimlenmiş ekmek ve yanında mevsim yeşillikleriyle derin tabakta verin.
muzlu-milkshake,Muzlu Milkshake,smoothie-shake,ICECEK,tr,5,Muz 2 adet | Süt 200 ml | Vanilyalı dondurma 2 top | Bal 1 tatlı kaşığı,1. Muzları parçalayın. || 2. Tüm malzemeleri blender'da 30 saniye çekin.,Donmuş muz kullanırsanız daha kremamsı olur.,"Bardağın ağzını tuz veya şekerle kaplayıp (rim) süsleyin, içine dik bir kamış koyun."
salgam-suyu,Şalgam Suyu,icecekler,ICECEK,tr,5,Hazır şalgam suyu 500 ml | Limon 1 dilim,1. Şalgam suyunu bardaklara paylaştırın. || 2. Buz ve limon dilimi ile servis edin.,Acılı versiyonu için pul biber ekleyebilirsiniz.,Soğuk içecek için 1 saat önceden bardakları buzdolabında bekletin; sıcak camda aroma zayıflar.
su-boregi,Su Böreği,hamur-isleri,YEMEK,tr,5,Börek yufkası 6 adet | Beyaz peynir 300 gr | Maydanoz 1 demet | Yumurta 3 adet | Süt 1 su bardağı | Sıvı yağ 0.5 su bardağı | Tereyağı 50 gr,"1. Büyük bir tencerede su kaynatın. Yumurta, süt ve yağı çırpın. || 2. Yufkaları tek tek kaynar suda 10 sn haşlayıp soğuk suya atın. || 3. Tepsiye tereyağı sürün. Yufkaları araya peynir-maydanoz koyarak katman katman dizin. || 4. Her katmana yumurtalı karışımdan gezdirin. || 5. 180°C fırında 35-40 dakika kızarana kadar pişirin.","Yufkaları kaynar suda çok fazla bekletmeyin, 10 saniye yeterli.",Çay ile birlikte sıcak servis edin.
whiskey-highball,Whiskey Highball,kokteyller,KOKTEYL,jp,5,Viski 45 ml | Soda 120 ml | Buz 1 su bardağı | Limon kabuğu 1 adet,1. Bardağı buzla doldurun. || 2. Viskiyi ekleyip 10 saniye karıştırın. || 3. Sodayı yavaşça ekleyip limon kabuğuyla servis edin.,Bardağı ve sodayı soğutun; kabarcıklar daha keskin kalır.,Uzun bardakta limon kabuğu ile servis edin.
yayla-corbasi,Yayla Çorbası,corbalar,CORBA,tr,5,Yoğurt 2 su bardağı | Pirinç 3 yemek kaşığı | Yumurta 1 adet | Un 1 yemek kaşığı | Su 5 su bardağı | Tereyağı 1 yemek kaşığı | Kuru nane 1 tatlı kaşığı | Tuz 1 tatlı kaşığı,"1. Pirinci yıkayıp 3 su bardağı suda haşlayın. || 2. Yoğurt, yumurta ve unu çırparak karıştırın. || 3. Yoğurt karışımına haşlama suyundan yavaş yavaş ekleyin (terbiye). || 4. Pirinçli tencereye yoğurt karışımını ekleyin, karıştırarak kaynatın. || 5. Tereyağında naneyi kavurun, üzerine gezdirin.","Yoğurt karışımını çorbaya eklerken sürekli karıştırın, kesilmesin.",Yanına ızgara lavaş veya simit dilimleri ve soğuk cacık koyarak tamamlayın.
dark-and-stormy,Dark and Stormy,kokteyller,KOKTEYL,tr,4,Koyu rom 50 ml | Zencefil birası 120 ml | Lime suyu 15 ml | Buz 1 su bardağı,1. Buz dolu bardağa zencefil birası ve lime suyunu koyun. || 2. Koyu romu üstten dökün. || 3. Tek tur karıştırıp servis edin.,Romu en son üstten dökün; koyu renk bardağın üstünde dalgalanır.,Lime dilimiyle servis edin.
firinda-tavuk-baget,Fırında Tavuk Baget,tavuk-yemekleri,YEMEK,tr,4,Tavuk baget 8 adet | Zeytinyağı 3 yemek kaşığı | Sarımsak tozu 1 tatlı kaşığı | Tatlı biber tozu 1 yemek kaşığı | Tuz 1 çay kaşığı | Karabiber 0.5 çay kaşığı | Kekik 1 tatlı kaşığı,"1. Fırını 200°C'ye ısıtın. || 2. Bagetleri zeytinyağı ve baharatlarla ovalayın. || 3. Fırın tepsisine dizin, 45 dakika pişirin.","Son 10 dakika ızgara moduna alın, üstü kızarsın.",Patates püresi veya salata ile.
humus,Humus,aperatifler,APERATIF,me,4,Haşlanmış nohut 400 gr | Tahin 3 yemek kaşığı | Limon suyu 2 yemek kaşığı | Sarımsak 1 diş | Zeytinyağı | Tuz | Kimyon | Pul biber 0.5 çay kaşığı,"1. Tüm malzemeleri blender'a koyun. || 2. Pürüzsüz olana kadar çekin. Gerekirse su ekleyin. || 3. Tabağa alın, zeytinyağı ve pul biber ile süsleyin.","Kuru baklagili gece boyunca ılık suda bekletmek pişme süresini yarıya indirir, gaz yapma etkisini de azaltır.",Yanına bulgur pilavı ve turşu koyarak derin kasede verin; üzerine pul biber gezdirin.
hunkar-begendi,Hünkar Beğendi,et-yemekleri,YEMEK,tr,4,Kuşbaşı kuzu eti 500 gr | Patlıcan 4 adet | Soğan 2 adet | Domates 2 adet | Tereyağı 50 gr | Un 2 yemek kaşığı | Süt 200 ml | Kaşar peyniri 50 gr,"1. Kuşbaşı eti soğanla birlikte kavurun. Domates ekleyip kısık ateşte 40 dk pişirin. || 2. Patlıcanları közleyin veya fırında pişirin. Kabuklarını soyun, ezin. || 3. Tereyağında unu kavurun, sütü ekleyip beşamel yapın. || 4. Ezilmiş patlıcanları beşamele ekleyin, kaşar rendeleyin, karıştırın. || 5. Patlıcan beğendisini tabağa yayın, üzerine et sosunu koyun.","Patlıcanları közlerken çok yumuşamasını bekleyin, beğendi için önemli.",Taze dilimlenmiş ekmek ve yanında mevsim yeşillikleriyle derin tabakta verin.
kung-pao-tavuk,Kung Pao Tavuk,tavuk-yemekleri,YEMEK,cn,4,Tavuk göğsü 600 gr | Yer fıstığı 0.5 su bardağı | Soya sosu 3 yemek kaşığı | Kuru acı biber 6 adet | Susam yağı 1 yemek kaşığı,1. Tavuğu küp doğrayıp soya sosuyla karıştırın. || 2. Tavuğu wokta 6 dakika pişirin. || 3. Biber ve yer fıstığını ekleyip 4 dakika çevirin.,Tavuğu küçük küp kesin; wokta yüksek ateşte kısa sürede pişer.,Pirinç ve taze soğanla servis edin.
limonata,Limonata,icecekler,ICECEK,tr,4,Limon 4 adet | Şeker 4 yemek kaşığı | Su 1 litre | Nane süslemek için,"1. Limonların kabuğunu rendeleyin, suyunu sıkın. || 2. Blender'a limon suyu, kabuk rendesi, şeker ve suyu koyun. || 3. Kısa süre çekin (kabuğu parçalamayın), süzün. Soğuk servis edin.",Soğuk servis edilecekse karışımı buzdolabında en az 2 saat dinlendirmek aromanın oturmasını sağlar.,"Bardağın ağzını tuz veya şekerle kaplayıp (rim) süsleyin, içine dik bir kamış koyun."
menemen,Menemen,kahvaltiliklar,KAHVALTI,tr,4,Yumurta 3 adet | Domates 2 adet | Sivri biber 2 adet | Tereyağı 1 yemek kaşığı | Tuz | Karabiber | Pul biber,"1. Domatesleri ve biberleri küçük küçük doğrayın. || 2. Tavada tereyağını eritin, biberleri kavurun. || 3. Domatesleri ekleyin, suyunu çekene kadar pişirin. || 4. Yumurtaları kırıp ekleyin, hafifçe karıştırın. Pişince servis edin.",Yumurtayı sıvı yerine bir parça tereyağda pişirmek iç dokuyu nemli tutar.,"Yanına közlenmiş biber, salatalık turşusu ve sıcak çörek dilimleriyle serpintisiz sunum kurun."
sicak-cikolata,Sıcak Çikolata,kahve-sicak-icecekler,ICECEK,tr,4,Süt 500 ml | Kakao 2 yemek kaşığı | Şeker 2 yemek kaşığı | Bitter çikolata 60 gr | Nişasta 1 tatlı kaşığı,"1. Süt, kakao, şeker ve nişastayı tencerede çırpın. || 2. Orta ateşte 6-8 dakika koyulaşana kadar pişirin. || 3. Ocaktan alın ve doğranmış çikolatayı ekleyip eriyene kadar karıştırın.",Çikolatayı ocaktan aldıktan sonra ekleyin; doğrudan kaynarsa tadı acılaşır.,Üzerine rendelenmiş çikolata serperek servis edin.
tavuk-sote,Tavuk Sote,tavuk-yemekleri,YEMEK,tr,4,Tavuk göğsü 500 gr | Soğan 1 adet | Biber 2 adet | Domates 2 adet | Patates 2 adet | Sıvı yağ | Tuz | Baharatlar,"1. Tavuğu kuşbaşı doğrayın. Sebzeleri doğrayın. || 2. Yağda tavuğu sote edin. Soğanları ekleyin. || 3. Biberleri ve domatesleri ekleyin. Kısık ateşte pişirin. || 4. Baharatları ekleyin, 5 dakika daha pişirin.","Kemikli parçaları kemik yüzü üste gelecek şekilde yerleştirin, sular aşağı iner ve eti nemli tutar.","Pirinç pilavı veya buharı çekmiş bulgurla birlikte, yanında limonlu yeşillik karışımıyla tamamlayın."
char-siu,Char Siu,et-yemekleri,YEMEK,cn,3,Domuz bonfile 700 gr | Soya sosu 4 yemek kaşığı | Bal 3 yemek kaşığı | Susam yağı 1 yemek kaşığı | Beş baharat 1 çay kaşığı,"1. Eti soya sosu, bal, susam yağı ve baharatla 30 dakika marine edin. || 2. Eti 200°C fırında 25 dakika pişirin. || 3. Eti soslayıp 10 dakika daha fırınlayın.",Eti pişerken iki kez soslayın; yüzeyi parlak ve yapışkan olur.,Pirinç ve buharda sebzeyle servis edin.
firinda-tavuk-pirzola,Fırında Tavuk Pirzola,tavuk-yemekleri,YEMEK,tr,3,Tavuk pirzola 1 kg | Patates 4 adet | Yoğurt 0.5 su bardağı | Zeytinyağı 3 yemek kaşığı | Domates salçası 1 yemek kaşığı | Sarımsak 2 diş | Toz kırmızı biber 1 tatlı kaşığı,"1. Yoğurt, yağ, salça, sarımsak ve baharatı karıştırıp tavukları kaplayın. || 2. Tavukları 30 dakika buzdolabında dinlendirin. || 3. Patateslerle birlikte 200°C fırında 40-45 dakika pişirin.",Tavukları en az 30 dakika marine edin; yoğurt eti daha yumuşak yapar.,Çoban salata ve ayranla servis edin.
gullac,Güllaç,tatlilar,TATLI,tr,3,Güllaç yaprağı 10 adet | Süt 1.5 litre | Şeker 1.5 su bardağı | Ceviz 1 su bardağı | Gül suyu 1 yemek kaşığı | Nar 0.5 su bardağı,1. Süt ve şekeri ısıtıp şeker eriyince gül suyunu ekleyin. || 2. Güllaç yapraklarını sütle ıslatıp cevizle kat kat dizin. || 3. Tatlıyı buzdolabında 2 saat dinlendirip narla servis edin.,Süt el yakmayacak sıcaklıkta olmalı; çok sıcak süt yaprakları hamurlaştırır.,Nar ve cevizle soğuk servis edin.
kabak-mucveri,Kabak Mücveri,sebze-yemekleri,YEMEK,tr,3,Kabak 3 adet | Yumurta 2 adet | Un 4 yemek kaşığı | Dereotu 1 demet | Beyaz peynir 80 gr | Tuz 1 çay kaşığı | Karabiber 0.5 çay kaşığı | Sıvı yağ 4 yemek kaşığı,"1. Kabakları rendeleyin, tuzlayıp 10 dk bekletin, suyunu sıkın. || 2. Yumurta, un, doğranmış dereotu ve ufalanmış peyniri ekleyip karıştırın. || 3. Kaşık kaşık alıp kızgın yağda her iki tarafını kızartın.","Kabağın suyunu çok iyi sıkın, gevrek olması için şart.",Haydari veya yoğurt ile servis edin.
kunafa-arap-usulu,Kunafa Arap Usulü,tatlilar,TATLI,me,3,Tel kadayıf 500 gr | Tereyağı 180 gr | Tuzsuz peynir 350 gr | Şeker 2 su bardağı | Su 1.5 su bardağı | Antep fıstığı 0.5 su bardağı,1. Şeker ve suyu 10 dakika kaynatıp şerbet hazırlayın. || 2. Kadayıfı tereyağıyla harmanlayıp tepsiye bastırın. || 3. Peyniri yayıp kalan kadayıfla kapatın. || 4. 180°C fırında 30-35 dakika pişirin.,Şerbeti sıcak tatlıya ılık dökün; kadayıf çıtırlığını korur.,Antep fıstığıyla sıcak servis edin.
kuymak,Kuymak,kahvaltiliklar,KAHVALTI,tr,3,Mısır unu 4 yemek kaşığı | Tereyağı 3 yemek kaşığı | Kolot peyniri 200 gr | Su 1.5 su bardağı | Tuz 0.5 çay kaşığı,1. Tereyağını tavada eritip mısır ununu 3 dakika kavurun. || 2. Suyu ve tuzu ekleyip 5 dakika karıştırarak pişirin. || 3. Peyniri ekleyip uzayan kıvam alana kadar 5-6 dakika pişirin.,Peyniri ekledikten sonra kısık ateşte karıştırın; yağ yüzeye çıkınca kıvam hazırdır.,Mısır ekmeği ve sıcak çayla servis edin.
kuzu-tandir,Kuzu Tandır,et-yemekleri,YEMEK,tr,3,Kuzu kol 1.5 kg | Zeytinyağı 4 yemek kaşığı | Sarımsak 6 diş | Biberiye 2 dal | Tuz 1.5 tatlı kaşığı | Karabiber 1 çay kaşığı | Su 1 su bardağı,"1. Kuzu kolu zeytinyağı, ezilmiş sarımsak, tuz ve karabiberle ovalayın. || 2. Eti fırın kabına alın, su ve biberiyeyi ekleyip üzerini sıkı kapatın. || 3. 160°C fırında 3 saat pişirin.",Eti yağlı kağıt ve folyo ile sıkı kapatın; düşük ısıda kendi suyuyla pişer.,İç pilav ve közlenmiş biberle servis edin.
mango-smoothie,Mango Smoothie,smoothie-shake,ICECEK,tr,3,Mango 1 adet | Yoğurt 150 gr | Bal 1 yemek kaşığı | Süt 100 ml | Buz 4 adet,1. Mangoyu soyup küp küp doğrayın. || 2. Tüm malzemeleri blender'da pürüzsüz olana kadar çekin.,Dondurulmuş mango kullanırsanız buz eklemenize gerek kalmaz.,"Tahta tepsiye buzlu bardağı, yanına limon dilimleri ve taze nane sapıyla sunum kurun."
misir-corbasi,Mısır Çorbası,corbalar,CORBA,tr,3,Tane mısır 2 su bardağı | Süt 1 su bardağı | Un 1 yemek kaşığı | Tereyağı 1 yemek kaşığı | Su 3 su bardağı | Tuz 1 çay kaşığı | Karabiber 0.5 çay kaşığı,"1. Tereyağında unu 2 dakika kavurun. || 2. Su, süt ve mısırı ekleyip 15 dakika pişirin. || 3. Çorbanın yarısını blenderdan geçirip taneli kısmıyla karıştırın.",Mısırın yarısını blenderdan geçirip yarısını tane bırakın; çorba hem kıvamlı hem dokulu olur.,Üzerine dereotu serpin.
pavlova,Pavlova,tatlilar,TATLI,au,3,Yumurta akı 4 adet | Şeker 1 su bardağı | Nişasta 1 tatlı kaşığı | Sirke 1 tatlı kaşığı | Krema 200 ml | Çilek 1 su bardağı,1. Yumurta aklarını şekerle parlak tepecikler oluşana kadar çırpın. || 2. Nişasta ve sirkeyi ekleyip beze tabanını şekillendirin. || 3. 120°C fırında 80-90 dakika pişirin ve fırında soğutun.,Yumurta akına sarı karışmamalı; beze hacim almaz.,"Çilek, kivi ve krema ile servis edin."
pirinc-pilavi,Tereyağlı Pirinç Pilavı,makarna-pilav,YEMEK,tr,3,Pirinç 2 su bardağı | Su 3 su bardağı | Tereyağı 2 yemek kaşığı | Şehriye 1 yemek kaşığı | Tuz 1 tatlı kaşığı,"1. Pirinci yıkayıp sıcak tuzlu suda 30 dk bekletin. || 2. Tereyağında şehriyeyi pembeleşene kadar kavurun. || 3. Süzülmüş pirinci ekleyip 2 dk kavurun. || 4. Sıcak suyu ekleyin, kaynayınca kısık ateşte 15 dk pişirin. || 5. Altına havlu koyup 10 dk dinlendirin.",Pirinci bol suda yıkayıp 30 dk sıcak tuzlu suda bekletin.,Kıtır soğan halkaları ve limon dilimleriyle yanından çevirerek servis yapın.
pisco-sour,Pisco Sour,kokteyller,KOKTEYL,pe,3,Pisco brendi 60 ml | Lime suyu 25 ml | Şeker şurubu 20 ml | Yumurta akı 1 adet | Bitters 2 damla,"1. Pisco brendi, lime, şurup ve yumurta akını buzsuz 15 saniye çalkalayın. || 2. Buz ekleyip 12 saniye daha çalkalayın. || 3. Soğuk kadehe süzüp bitters damlatın.",Önce buzsuz çalkalayın; yumurta akı daha kalıcı köpük verir.,Üzerine 2 damla bitters ekleyin.
tas-kebabi,Tas Kebabı,et-yemekleri,YEMEK,tr,3,Dana kuşbaşı 600 gr | Soğan 1 adet | Patates 2 adet | Havuç 2 adet | Domates salçası 1 yemek kaşığı | Zeytinyağı 3 yemek kaşığı | Sıcak su 2 su bardağı | Tuz 1 tatlı kaşığı | Karabiber 0.5 çay kaşığı,"1. Zeytinyağını tencerede ısıtın ve eti yüksek ateşte 6-7 dakika mühürleyin. || 2. Doğranmış soğanı ekleyip 4 dakika kavurun. || 3. Salçayı ekleyip kokusu çıkana kadar 2 dakika çevirin. || 4. Sıcak suyu ekleyin, kapağı kapatın ve eti 45 dakika kısık ateşte pişirin. || 5. Patates ve havucu ekleyip sebzeler yumuşayana kadar 20-25 dakika pişirin.",Eti yüksek ateşte mühürledikten sonra suyu ekleyin; bu işlem yemeğin suyunu daha berrak ve lezzetli tutar.,Pirinç pilavı ve cacıkla servis edin.
tavuk-kapama,Tavuk Kapama,tavuk-yemekleri,YEMEK,tr,3,Tavuk but 6 adet | Pirinç 2 su bardağı | Soğan 1 adet | Tereyağı 2 yemek kaşığı | Tavuk suyu 3 su bardağı | Sıcak su 1 su bardağı | Tuz 1.5 tatlı kaşığı | Karabiber 0.5 çay kaşığı,"1. Tavuk butlarını tuzlu suda 25 dakika haşlayın ve suyunu ayırın. || 2. Pirinci sıcak suda 20 dakika bekletip süzün. || 3. Soğanı tereyağında 4 dakika kavurun, pirinci ekleyip 3 dakika çevirin. || 4. Pirinci fırın tepsisine yayın, tavuk suyu ve sıcak suyu ekleyin. || 5. Tavukları pirincin üzerine yerleştirin ve 190°C fırında 25-30 dakika pişirin.",Pirinci tepsiye almadan önce 20 dakika sıcak suda bekletin; fırında tane tane pişer.,Turşu ve yoğurtla sofraya alın.
tea-egg,Tea Egg,kahvaltiliklar,KAHVALTI,cn,3,Yumurta 6 adet | Siyah çay 2 yemek kaşığı | Soya sosu 4 yemek kaşığı | Yıldız anason 2 adet,"1. Yumurtaları 8 dakika haşlayıp kabuklarını çatlatın. || 2. Çay, soya sosu ve baharatlı su hazırlayın. || 3. Yumurtaları bu suda 45 dakika pişirin.",Yumurtayı kısık ateşte sürekli karıştırmak kremamsı dokuyu verir; yüksek ateş hücreleri sertleştirir.,"Soğuk veya oda sıcaklığında, atıştırmalık olarak servis edin."
turk-kahvesi,Türk Kahvesi,kahve-sicak-icecekler,ICECEK,tr,3,Türk kahvesi 2 tatlı kaşığı | Su 2 fincan | Şeker isteğe bağlı,"1. Cezveye su ve şekeri (varsa) koyun. || 2. Kahveyi ekleyin, karıştırmadan kısık ateşe koyun. || 3. Köpük yükselince fincanlara paylaştırın. Tekrar köpürtüp dökün.","Kahveyi asla karıştırmayın, köpüğü bozarsınız.",Üzerine bir dilim taze zencefil ve küçük bir yaprak fesleğen ekleyip aromayı canlandırın.
yesil-mercimek-yemegi,Yeşil Mercimek Yemeği,baklagil-yemekleri,YEMEK,tr,3,Yeşil mercimek 2 su bardağı | Soğan 1 adet | Domates salçası 1 yemek kaşığı | Zeytinyağı 3 yemek kaşığı | Sıcak su 4 su bardağı | Tuz 1 tatlı kaşığı | Kimyon 0.5 çay kaşığı,"1. Mercimeği 10 dakika haşlayıp süzün. || 2. Soğanı zeytinyağında 4 dakika kavurun, salçayı ekleyin. || 3. Mercimek, sıcak su, tuz ve kimyonu ekleyip 25-30 dakika pişirin.",Mercimeği 10 dakika ön haşlayıp suyunu süzün; yemeğin rengi daha berrak olur.,Turşu ve pilavla servis edin.
yesil-tay-korisi,Yeşil Tay Körisi,tavuk-yemekleri,YEMEK,th,3,Tavuk kalça 600 gr | Yeşil köri ezmesi 2 yemek kaşığı | Hindistan cevizi sütü 400 ml | Tay patlıcanı 6 adet | Balık sosu 1 yemek kaşığı | Fesleğen 10 yaprak,1. Köri ezmesini yağda 2 dakika kavurun. || 2. Tavukları ekleyip 8 dakika pişirin. || 3. Hindistan cevizi sütü ve patlıcanı ekleyin. || 4. Köriyi 15 dakika pişirip fesleğenle tamamlayın.,Köri ezmesini yağda 2 dakika kavurun; hindistan cevizi sütüne aroması daha iyi geçer.,Jasmin pirinciyle servis edin.
ahududulu-kefir-smoothie,Ahududulu Kefir Smoothie,smoothie-shake,ICECEK,se,2,Ahududu 180 gr | Kefir 300 ml | Muz 0.5 adet | Bal 1 tatlı kaşığı,1. Ahududu ve muzu blendera alın. || 2. Kefiri ekleyip 40 saniye çekin. || 3. Gerekirse bal ekleyip servis edin.,Ahududunun çekirdeği rahatsız ediyorsa karışımı kısa süzebilirsiniz.,Bardağın üstüne birkaç taze ahududu koyarak servis edin.
akcaabat-koftesi,Akçaabat Köftesi,et-yemekleri,YEMEK,tr,2,Dana kıyma 700 gr | Bayat ekmek içi 80 gr | Sarımsak 3 diş | Tuz 1 tatlı kaşığı,"1. Kıyma, ekmek içi, sarımsak ve tuzu yoğurun. || 2. Köfteleri yassı şekillendirip 20 dakika dinlendirin. || 3. Izgarada iki yüzünü 15 dakika pişirin.","Tuzlamayı pişirmeden hemen önce yapın, erken tuz et suyunu dışarı çeker ve kavurmayı zorlaştırır.",Taze dilimlenmiş ekmek ve yanında mevsim yeşillikleriyle derin tabakta verin.
arap-asi-corbasi,Arap Aşı Çorbası,corbalar,CORBA,me,2,Tavuk 600 gr | Un 3 yemek kaşığı | Domates salçası 1 yemek kaşığı | Un 1 su bardağı | Su 4 su bardağı,1. Tavuğu 35 dakika haşlayıp didikleyin. || 2. Un ve salçayı kavurup tavuk suyunu ekleyin. || 3. Çorbayı 15 dakika pişirin. || 4. Hamur için un ve suyu pişirip tepsiye dökün.,Hamuru tamamen soğuttuktan sonra kesin; sıcak hamur bıçağa yapışır.,Acı pul biberle sıcak servis edin.
avgolemono-corbasi,Avgolemono Çorbası,corbalar,CORBA,gr,2,Tavuk suyu 6 su bardağı | Pirinç 0.5 su bardağı | Yumurta 2 adet | Limon suyu 3 yemek kaşığı | Haşlanmış tavuk 1 su bardağı,1. Tavuk suyunda pirinci 18 dakika pişirin. || 2. Yumurta ve limon suyunu çırpın. || 3. Sıcak çorbadan bir kepçe ekleyip karışımı ılıştırın. || 4. Karışımı tencereye alıp 3 dakika kısık ateşte pişirin.,Yumurtayı sıcak çorbayla ılıştırarak ekleyin; doğrudan tencereye girerse kesilir.,Karabiber ve limon kabuğu rendesiyle servis edin.
balik-corbasi,Balık Çorbası,corbalar,CORBA,tr,2,Beyaz balık fileto 500 gr | Havuç 1 adet | Patates 1 adet | Soğan 1 adet | Yumurta sarısı 1 adet | Limon suyu 3 yemek kaşığı,1. Balık ve sebzeleri 25 dakika haşlayın. || 2. Balığı ayıklayıp çorbaya geri ekleyin. || 3. Terbiyeyi ılıtıp tencereye ekleyin ve 5 dakika pişirin.,Balığı haşladıktan sonra kılçık kontrolü yapın; çorba pürüzsüz yenir.,Limon ve kıyılmış dereotuyla servis edin.
balkabagi-corbasi,Balkabağı Çorbası,corbalar,CORBA,tr,2,Balkabağı 600 gr | Havuç 1 adet | Soğan 1 adet | Zencefil 1 çay kaşığı | Zeytinyağı 2 yemek kaşığı | Sebze suyu 5 su bardağı | Tuz 1 çay kaşığı,"1. Soğan ve havucu zeytinyağında 5 dakika kavurun. || 2. Balkabağı, zencefil, sebze suyu ve tuzu ekleyin. || 3. Sebzeler yumuşayana kadar 25-30 dakika pişirip blenderdan geçirin.",Zencefili az ölçüyle kullanın; çorbanın tatlı aromasını bastırmaz.,Kavrulmuş kabak çekirdeğiyle servis edin.
balli-hardalli-tavuk,Ballı Hardallı Tavuk,tavuk-yemekleri,YEMEK,tr,2,Tavuk fileto 600 gr | Bal 2 yemek kaşığı | Hardal 2 yemek kaşığı | Limon suyu 2 yemek kaşığı | Zeytinyağı 2 yemek kaşığı | Sarımsak 2 diş | Tuz 1 çay kaşığı,"1. Bal, hardal, limon suyu, zeytinyağı, sarımsak ve tuzu karıştırın. || 2. Tavukları sosla kaplayıp 15 dakika dinlendirin. || 3. Tavukları tavada her yüzü kızarana kadar toplam 15-18 dakika pişirin.",Balı yüksek ateşte yakmayın; tavuk mühürlendikten sonra sosu eklemek parlak kaplama verir.,Fırın sebze veya kuskusla servis edin.
besamelli-tavuk,Beşamelli Tavuk,tavuk-yemekleri,YEMEK,tr,2,Tavuk göğsü 600 gr | Mantar 250 gr | Bezelye 1 su bardağı | Tereyağı 2 yemek kaşığı | Un 2 yemek kaşığı | Süt 2 su bardağı | Kaşar peyniri 1 su bardağı | Tuz 1 tatlı kaşığı,"1. Tavuk ve mantarı tavada 10 dakika soteleyin. || 2. Tereyağı, un ve sütle beşamel sos hazırlayın. || 3. Tavuklu karışımı fırın kabına alın, sos ve kaşar ekleyip 190°C fırında 20 dakika pişirin.",Beşamel sosu sürekli çırparak pişirin; un topaklanmadan pürüzsüz kıvam alır.,Yanında yeşil salata ile servis edin.
biang-biang-mian,Biang Biang Mian,makarna-pilav,YEMEK,cn,2,Un 500 gr | Su 260 ml | Soya sosu 3 yemek kaşığı | Acı pul biber 2 yemek kaşığı,1. Un ve suyla elastik hamur yoğurun. || 2. Hamuru 45 dakika dinlendirip geniş noodle çekin. || 3. Noodleı haşlayıp sos ve kızgın yağla karıştırın.,Hamur şeritlerini yağlayıp dinlendirin; dinlenen hamur kopmadan uzar.,Üzerine taze soğan ve kızgın acılı yağ gezdirerek servis edin.
cajun-tavuk,Cajun Tavuk,tavuk-yemekleri,YEMEK,us,2,Tavuk göğsü 600 gr | Zeytinyağı 3 yemek kaşığı | Toz kırmızı biber 1 tatlı kaşığı | Sarımsak tozu 1 çay kaşığı | Kimyon 0.5 çay kaşığı | Karabiber 0.5 çay kaşığı,1. Tavukları şerit doğrayıp yağ ve baharatla karıştırın. || 2. Geniş tavayı ısıtıp tavukları tek sıra yerleştirin. || 3. Tavukları 12-15 dakika çevirerek pişirin.,Tavukları eş kalınlıkta kesin; parçalar aynı sürede pişer.,"Mısır, salata ve yoğurtlu dip sosla servis edin."
cig-kofte,Çiğ Köfte,aperatifler,APERATIF,tr,2,İnce bulgur 2 su bardağı | İsot (pul biber) 3 yemek kaşığı | Domates salçası 2 yemek kaşığı | Biber salçası 2 yemek kaşığı | Soğan (rendelenmiş) 1 adet | Taze soğan 0.5 demet | Maydanoz 0.5 demet | Zeytinyağı 2 yemek kaşığı | Tuz 1 çay kaşığı | Kimyon 0.5 çay kaşığı,"1. Bulgura kaynar su ekleyin, kabarmasını bekleyin. || 2. Salçaları, rendelenmiş soğanı, baharatları ekleyin. || 3. En az 20 dakika yoğurun; bulgur elinize yapışmayana kadar devam edin. || 4. Doğranmış yeşillikleri ekleyin, şekil verin.",Çok yoğurun! En az 20 dakika yoğurma şart.,Marul yaprağı ve limon ile dürüm yaparak servis edin.
citir-patates,Çıtır Patates,atistirmaliklar,ATISTIRMALIK,tr,2,Patates 4 adet | Zeytinyağı 2 yemek kaşığı | Tuz 1 çay kaşığı | Karabiber 0.5 çay kaşığı | Kekik 1 tatlı kaşığı | Sarımsak tozu 0.5 tatlı kaşığı,"1. Patatesleri yıkayıp dilimleyin. 30 dk soğuk suda bekletin. || 2. Kurulamayıp zeytinyağı ve baharatlarla karıştırın. || 3. Fırın tepsisine tek sıra dizin, 220°C'de 25-30 dk pişirin.",Patatesleri 30 dk suda bekletip kurulamak çıtırlık sırrı.,"Porselen tabakta, üzerine bir tutam taze ot ve zeytinyağı gezdirerek ılık sunun."
dal-makhani,Dal Makhani,baklagil-yemekleri,YEMEK,in,2,Siyah mercimek 2 su bardağı | Domates püresi 1 su bardağı | Tereyağı 60 gr | Krema 0.5 su bardağı | Zencefil 1 tatlı kaşığı,"1. Mercimeği yıkayıp 60 dakika haşlayın. || 2. Domates püresi, tereyağı ve zencefili ekleyin. || 3. Kısık ateşte 60 dakika pişirin. || 4. Kremayı ekleyip 10 dakika daha pişirin.",Mercimeği kısık ateşte uzun pişirin; kısa pişirme aynı kremamsı kıvamı vermez.,Basmati pilav veya naanla servis edin.
dana-lo-mein,Dana Lo Mein,makarna-pilav,YEMEK,cn,2,Yumurtalı erişte 350 gr | Dana jülyen 400 gr | Soya sosu 3 yemek kaşığı | Brokoli 250 gr | Susam yağı 1 yemek kaşığı,"1. Erişteyi paket süresine göre haşlayıp süzün. || 2. Dana etini wokta 5 dakika soteleyin. || 3. Brokoli, erişte, soya sosu ve susam yağını ekleyip 4 dakika çevirin.",Erişteyi süzdükten sonra yağla harmanlayın; wokta topaklanmaz.,Üzerine yeşil soğan ve susam serpin.
diyarbakir-lebeniyesi,Diyarbakır Lebeniyesi,corbalar,CORBA,tr,2,Yoğurt 600 gr | Nohut 1 su bardağı | Dana kıyma 250 gr | İnce bulgur 0.5 su bardağı | Yumurta 1 adet,"1. Kıyma ve bulgurla küçük köfteler hazırlayın. || 2. Nohut ve köfteleri 25 dakika haşlayın. || 3. Yoğurt ve yumurtayı çırpıp çorbaya ekleyin, 10 dakika pişirin.",Yoğurdu çorbaya eklemeden önce sıcak suyla ılıtın; kesilmeden kıvam alır.,Naneli tereyağıyla sıcak servis edin.
domates-corbasi,Domates Çorbası,corbalar,CORBA,tr,2,Domates 5 adet | Domates salçası 1 yemek kaşığı | Un 2 yemek kaşığı | Tereyağı 1 yemek kaşığı | Süt 1 su bardağı | Su 3 su bardağı | Tuz 1 çay kaşığı | Karabiber 0.5 çay kaşığı,"1. Tereyağını eritip unu 3 dakika kavurun. || 2. Salçayı ekleyin ve 1 dakika karıştırın. || 3. Rendelenmiş domatesleri ekleyip 5 dakika pişirin. || 4. Su, süt, tuz ve karabiberi ekleyip 12-15 dakika kaynatın. || 5. Çorbayı blenderdan geçirip sıcak servis edin.",Unu kokusu çıkana kadar kavurun; çorbanın çiğ un tadı kalmaz.,Üzerine rendelenmiş kaşar peyniri ekleyin.
