slug,title_tr,description_tr,type,cuisine,difficulty,prep_minutes,cook_minutes,total_minutes,serving_count,average_calories,ingredients_tr,ingredient_count,steps_tr,step_count,allergens,tags,tipNote_tr,servingSuggestion_tr,en_title_current,en_description_current,en_tipNote_current,en_servingSuggestion_current,en_ingredients_present,en_steps_present,de_title_current,de_description_current,de_tipNote_current,de_servingSuggestion_current,de_ingredients_present,de_steps_present
kizilcik-hosafi-yozgat-usulu,Kızılcık Hoşafı,"Yozgat usulü kızılcık hoşafı, kızılcığı elma ve karanfille buluşturarak ekşi, serin ve sofrayı ferahlatan bir içecek yapar.",ICECEK,tr,EASY,8,10,18,5,40,Kızılcık 1.5 su bardağı | Elma 1 adet | Su 5 su bardağı | Şeker 0.25 su bardağı | Karanfil 2 adet,5,1. Meyveleri tencereye alın. || 2. 10 dakika pişirin. || 3. Soğutup servis edin.,3,,"alkolsuz,yaz-tarifi",Kızılcığı ezmeden pişirmek hoşafın suyunu daha berrak tutar.,Soğuk servis edin.,Cornelian Cherry Compote,This Yozgat-style drink simmers cornelian cherries with apple into a tart cooling compote.,,,0,0,Kornelkirschen-Kompott,Dieses Getränk nach Art aus Yozgat kocht Kornelkirschen mit Apfel zu einem säuerlichen kühlenden Kompott.,,,0,0
cevizli-eriste-salatasi-kirsehir-bag-usulu,Cevizli Erişte Salatası,"Kırşehir usulü cevizli erişte salatası, haşlanmış erişteyi yoğurt ve cevizle buluşturarak serin, yumuşak ve paylaşmalık bir salata yapar.",SALATA,tr,EASY,12,10,22,4,218,Erişte 2 su bardağı | Yoğurt 1 su bardağı | Ceviz 0.5 su bardağı | Sarımsak 1 diş,4,1. Erişteyi haşlayın. || 2. Yoğurtlu sosu hazırlayın. || 3. Cevizle birlikte karıştırın.,3,"GLUTEN,SUT,KUSUYEMIS","vejetaryen,30-dakika-alti",Erişteyi soğuk sudan geçirmek salatada birbirine yapışmasını azaltır.,Soğuk servis edin.,Noodle Salad with Walnuts,This Kirsehir-style salad mixes noodles with yogurt and walnuts into a cool shareable side.,,,0,0,Nudelsalat mit Walnuss,Dieser Salat nach Art aus Kirsehir mischt Nudeln mit Joghurt und Walnüssen zu einer kühlen Beilage zum Teilen.,,,0,0
firin-patatesli-testi-tava-nevsehir-usulu,Fırın Patatesli Testi Tava,"Nevşehir usulü fırın patatesli testi tava, kuşbaşı eti patates ve domatesle buluşturarak yumuşak, sulu ve Kapadokya akşamına uygun bir ana yemek kurar.",YEMEK,tr,MEDIUM,18,28,46,4,322,Kuşbaşı dana eti 500 gr | Patates 3 adet | Domates 2 adet | Biber 2 adet | Su 1 su bardağı,5,1. Malzemeleri tepsiye alın. || 2. Baharat ve suyu ekleyin. || 3. 28 dakika pişirin.,3,,"firinda,misafir-sofrasi",Patatesi orta kalınlıkta doğramak etle aynı sürede yumuşamasını sağlar.,Sıcak servis edin.,Testi Pan with Baked Potatoes,This Nevsehir-style main bakes meat with potatoes and tomato into a juicy Cappadocia-inspired dish.,,,0,0,Testi-Pfanne mit Ofenkartoffeln,Dieses Hauptgericht nach Art aus Nevsehir backt Fleisch mit Kartoffeln und Tomate zu einem saftigen kappadokischen Teller.,,,0,0
tahin-pekmez-bazlama-tostu-konya-usulu,Tahin Pekmez Bazlama Tostu,"Konya usulü tahin pekmez bazlama tostu, sıcak bazlamayı tahin ve pekmezle buluşturarak tatlı, tok ve hızlı bir kahvaltı çıkarır.",KAHVALTI,tr,EASY,6,4,10,2,264,Bazlama 2 adet | Tahin 3 yemek kaşığı | Pekmez 3 yemek kaşığı,3,1. Bazlamayı ısıtın. || 2. Tahin ve pekmezi sürün. || 3. Katlayıp servis edin.,3,"GLUTEN,SUSAM","30-dakika-alti,vejetaryen",Bazlamayı 2 dakika ısıtmak tahin ve pekmezin daha iyi yayılmasını sağlar.,Ilık servis edin.,Bazlama Toast with Tahini and Molasses,This Konya-style breakfast warms flatbread with tahini and molasses for a quick filling bite.,,,0,0,Bazlama-Toast mit Tahin und Melasse,Dieses Frühstück nach Art aus Konya erwärmt Fladenbrot mit Tahin und Melasse zu einem schnellen sättigenden Bissen.,,,0,0
elmali-irmik-kup-aksaray-usulu,Elmalı İrmik Kup,"Aksaray usulü elmalı irmik kup, irmik tabanını tarçınlı elma ile buluşturarak yumuşak, meyvemsi ve küçük porsiyonluk bir tatlı yapar.",TATLI,tr,EASY,10,10,20,4,208,Süt 2 su bardağı | İrmik 4 yemek kaşığı | Elma 2 adet | Tarçın 0.5 çay kaşığı | Şeker 2 yemek kaşığı,5,1. İrmikli tabanı pişirin. || 2. Elmayı tavada 4 dakika çevirin. || 3. Kup içinde birleştirip soğutun.,3,"SUT,GLUTEN","vejetaryen,30-dakika-alti",Elmayı 4 dakika çevirmek diri ama yumuşak bir doku bırakır.,Soğuk servis edin.,Semolina Cups with Apple,This Aksaray-style dessert layers semolina with cinnamon apple into a soft small sweet.,,,0,0,Grießbecher mit Apfel,Dieses Dessert nach Art aus Aksaray schichtet Grieß mit Zimt-Apfel zu einer weichen kleinen Süßigkeit.,,,0,0
nohutlu-yogurt-ezmesi-kirikkale-usulu,Nohutlu Yoğurt Ezmesi,"Kırıkkale usulü nohutlu yoğurt ezmesi, haşlanmış nohudu sarımsaklı yoğurt ve nane ile buluşturarak serin, tok ve meze sofralarına uygun bir tabak kurar.",APERATIF,tr,EASY,8,0,8,4,154,Haşlanmış nohut 2 su bardağı | Yoğurt 1 su bardağı | Sarımsak 1 diş | Nane 0.5 çay kaşığı,4,1. Nohudun yarısını ezin. || 2. Yoğurtlu karışımı ekleyin. || 3. Nane ile servis edin.,3,SUT,"vejetaryen,30-dakika-alti",Nohudun yarısını ezip yarısını bütün bırakmak tabakta daha dengeli doku verir.,Soğuk servis edin.,Chickpea Yogurt Mash,This Kirikkale-style meze combines chickpeas with garlicky yogurt for a cool filling spread.,,,0,0,Kichererbsen-Joghurt-Püree,Diese Meze nach Art aus Kirikkale verbindet Kichererbsen mit Knoblauchjoghurt zu einem kühlen sättigenden Aufstrich.,,,0,0
otlu-kete-dilimi-kars-usulu,Otlu Kete Dilimi,"Kars usulü otlu kete dilimi, kat kat hamuru otlu iç ve tereyağıyla buluşturarak gevrek, kokulu ve doyurucu bir hamur işi yapar.",KAHVALTI,tr,MEDIUM,20,24,44,6,284,Un 2.5 su bardağı | Tereyağı 100 gr | Karışık ot 1 su bardağı | Su 0.75 su bardağı,4,1. Hamuru hazırlayın. || 2. Otlu içle katlayın. || 3. Keteyi 24 dakika pişirin.,3,"GLUTEN,SUT","misafir-sofrasi,vejetaryen",Hamuru kısa dinlendirmek kete katlarının fırında daha rahat açılmasını sağlar.,Ilık servis edin.,Herb Kete Slices,This Kars-style pastry fills layered dough with herbs and butter for a fragrant crisp breakfast.,,,0,0,Kete mit Kräutern,Dieses Gebäck nach Art aus Kars füllt geschichteten Teig mit Kräutern und Butter zu einem duftenden knusprigen Frühstück.,,,0,0
ayranli-evelik-corbasi-erzincan-usulu,Ayranlı Evelik Çorbası,"Erzincan usulü ayranlı evelik çorbası, evelik yapraklarını yoğurtlu taban ve buğdayla buluşturarak ferah ekşilikte bir yayla çorbası kurar.",CORBA,tr,MEDIUM,12,20,32,4,168,Evelik otu 150 gr | Yoğurt 1.5 su bardağı | Aşurelik buğday 0.75 su bardağı | Su 5 su bardağı | Yumurta 1 adet,5,1. Buğdayı yumuşayana kadar pişirin. || 2. Yoğurtlu karışımı hazırlayın. || 3. Evelikle birlikte 6 dakika pişirin.,3,"GLUTEN,SUT,YUMURTA","tek-tencere,kis-tarifi",Eveliği son 6 dakikada eklemek çorbada rengini ve aromasını korur.,Sıcak servis edin.,Yogurt Evelik Greens Soup,This Erzincan-style soup combines evelik greens with yogurt and wheat for a tangy highland bowl.,,,0,0,Joghurtsuppe mit Evelik,Diese Suppe nach Art aus Erzincan verbindet Evelik-Kräuter mit Joghurt und Weizen zu einer säuerlichen Hochlandschale.,,,0,0
bal-kabakli-eriste-tava-malatya-usulu,Bal Kabaklı Erişte Tava,"Malatya usulü bal kabaklı erişte tava, erişteyi küçük balkabağı küpleri ve tereyağıyla buluşturarak hafif tatlı, yumuşak ve sonbaharlık bir tabak yapar.",YEMEK,tr,EASY,12,14,26,4,238,Erişte 3 su bardağı | Balkabağı 300 gr | Tereyağı 1 yemek kaşığı | Karabiber 0.25 çay kaşığı,4,1. Erişteyi haşlayın. || 2. Kabağı 6 dakika soteleyin. || 3. Erişteyle karıştırıp servis edin.,3,"GLUTEN,SUT","vejetaryen,30-dakika-alti",Kabağı 6 dakika sotelemek tavada ezilmeden yumuşamasını sağlar.,Ilık servis edin.,Skillet Noodles with Pumpkin,This Malatya-style dish tosses noodles with sweet pumpkin and butter for an autumn comfort plate.,,,0,0,Pfannennudeln mit Kürbis,Dieses Gericht nach Art aus Malatya schwenkt Nudeln mit süßem Kürbis und Butter zu einem herbstlichen Wohlfühlteller.,,,0,0
dutlu-pestil-sarma-elazig-usulu,Dutlu Pestil Sarma,"Elazığ usulü dutlu pestil sarma, ince pestili dut özü ve cevizle buluşturarak çiğnemeli, yoğun ve küçük porsiyonluk bir tatlı çıkarır.",TATLI,tr,EASY,10,0,10,8,178,Pestil 8 adet | Dut özü 3 yemek kaşığı | Ceviz 0.75 su bardağı,3,1. Cevizi iri çekin. || 2. Dut özüyle karıştırın. || 3. Pestili sarıp dilimleyin.,3,KUSUYEMIS,"misafir-sofrasi,30-dakika-alti",Pestili hafif nemlendirmek rulo yapılırken çatlamasını azaltır.,Oda sıcaklığında servis edin.,Mulberry Fruit Leather Rolls,This Elazig-style sweet rolls fruit leather with mulberry and walnuts into chewy small bites.,,,0,0,Pestil-Rollen mit Maulbeere,Diese Süßigkeit nach Art aus Elazig rollt Fruchtleder mit Maulbeere und Walnüssen zu zähen kleinen Bissen.,,,0,0
yarpuzlu-ayran-igdir-usulu,Yarpuzlu Ayran,"Iğdır usulü yarpuzlu ayran, yoğurdu yarpuz ve soğuk suyla buluşturarak ferah, keskin ve yazlık bir içecek yapar.",ICECEK,tr,EASY,5,0,5,3,58,Yoğurt 1.5 su bardağı | Su 1.5 su bardağı | Yarpuz 0.25 demet | Tuz 1 çimdik,4,1. Yarpuzu hafif ezin. || 2. Yoğurt ve suyu çırpın. || 3. Yarpuzla servis edin.,3,SUT,"alkolsuz,30-dakika-alti",Yarpuzu avuç içinde hafif ezmek aromanın ayrana daha hızlı geçmesini sağlar.,Soğuk servis edin.,Ayran with Wild Mint,This Igdir-style drink whisks yogurt with wild mint into a sharp cooling glass.,,,0,0,Ayran mit Wilder Minze,Dieses Getränk nach Art aus Igdir schlägt Joghurt mit Wilder Minze zu einem scharfen kühlenden Glas auf.,,,0,0
kaz-etli-bulgur-tava-ardahan-usulu,Kaz Etli Bulgur Tava,"Ardahan usulü kaz etli bulgur tava, didiklenmiş kaz etini bulgurla buluşturarak güçlü, tok ve kış akşamlarına uygun bir ana yemek kurar.",YEMEK,tr,MEDIUM,16,20,36,4,336,Haşlanmış kaz eti 250 gr | Pilavlık bulgur 1.5 su bardağı | Soğan 1 adet | Tereyağı 1 yemek kaşığı | Su 3 su bardağı,5,1. Soğanı kısa süre çevirin. || 2. Bulgur ve suyu ekleyin. || 3. Kaz etiyle birlikte 14 dakika pişirin.,3,"GLUTEN,SUT","misafir-sofrasi,tek-tencere",Kaz etini önceden didiklemek bulgurla daha dengeli karışmasını sağlar.,Sıcak servis edin.,Bulgur Skillet with Goose,This Ardahan-style skillet folds shredded goose into bulgur for a rich winter main.,,,0,0,Bulgurpfanne mit Gans,Diese Pfanne nach Art aus Ardahan hebt zerpflückte Gans in Bulgur zu einem reichen Winterhauptgericht.,,,0,0
tereyagli-mantar-eriste-erzurum-usulu,Tereyağlı Mantar Erişte,"Erzurum usulü tereyağlı mantar erişte, erişteyi mantar ve tereyağıyla buluşturarak sade, sıcak ve rahatlatıcı bir tabak sunar.",YEMEK,tr,EASY,10,12,22,4,254,Erişte 3 su bardağı | Kültür mantarı 300 gr | Tereyağı 2 yemek kaşığı | Karabiber 0.25 çay kaşığı,4,1. Erişteyi haşlayın. || 2. Mantarı 5 dakika soteleyin. || 3. Tereyağıyla erişteyi birleştirin.,3,"GLUTEN,SUT","vejetaryen,30-dakika-alti",Mantarı yüksek ateşte 5 dakika çevirmek suyunu bırakmadan renk almasını sağlar.,Sıcak servis edin.,Butter Mushroom Noodles,This Erzurum-style dish tosses noodles with mushrooms and butter into a simple warm meal.,,,0,0,Butternudeln mit Pilzen,Dieses Gericht nach Art aus Erzurum schwenkt Nudeln mit Pilzen und Butter zu einer schlichten warmen Mahlzeit.,,,0,0
casir-otlu-peynir-salatasi-bingol-usulu,Çaşır Otlu Peynir Salatası,"Bingöl usulü çaşır otlu peynir salatası, çaşırı beyaz peynir ve limonla buluşturarak diri, tuzlu ve bölgesel karakteri belirgin bir salata yapar.",SALATA,tr,EASY,12,8,20,4,138,Çaşır otu 250 gr | Beyaz peynir 120 gr | Limon suyu 1 yemek kaşığı | Zeytinyağı 1 yemek kaşığı,4,1. Çaşırı 5 dakika haşlayın. || 2. Peyniri ufalayın. || 3. Salatayı limonla tamamlayın.,3,SUT,"vejetaryen,30-dakika-alti",Çaşırı 5 dakika haşlamak sertliğini alırken gevrekliğini korur.,Ilık servis edin.,Casir Herb Salad with Cheese,This Bingol-style salad combines casir shoots with white cheese and lemon for a fresh regional plate.,,,0,0,Çaşır-Salat mit Käse,Dieser Salat nach Art aus Bingol verbindet Çaşır-Triebe mit Weißkäse und Zitrone zu einem frischen regionalen Teller.,,,0,0
erikli-kuzu-yahni-van-usulu,Erikli Kuzu Yahni,"Van usulü erikli kuzu yahni, kuzu etini kuru erik ve soğanla buluşturarak hafif tatlı, dengeli ve uzun sofralara uygun bir ana yemek yapar.",YEMEK,tr,MEDIUM,18,26,44,4,318,Kuşbaşı kuzu eti 500 gr | Kuru erik 8 adet | Soğan 1 adet | Tereyağı 1 yemek kaşığı | Su 1.5 su bardağı,5,1. Eti mühürleyin. || 2. Soğan ve suyu ekleyin. || 3. Erikle birlikte 16 dakika pişirin.,3,SUT,"misafir-sofrasi,yuksek-protein",Eriği son 10 dakikada eklemek formunu korumasına yardım eder.,Sıcak servis edin.,Lamb Stew with Plums,This Van-style stew cooks lamb with dried plums and onion for a softly sweet balanced main.,,,0,0,Lammragout mit Pflaumen,Dieser Eintopf nach Art aus Van gart Lamm mit getrockneten Pflaumen und Zwiebel zu einem sanft süßen ausgewogenen Hauptgericht.,,,0,0
patatesli-lorlu-corek-agri-usulu,Patatesli Lorlu Çörek,"Ağrı usulü patatesli lorlu çörek, yumuşak hamuru patates ve lorla buluşturarak doyurucu, sade ve kahvaltıya uygun bir fırın işi sunar.",KAHVALTI,tr,MEDIUM,18,22,40,6,268,Un 2.5 su bardağı | Patates 2 adet | Lor peyniri 150 gr | Su 0.75 su bardağı | Ayçiçek yağı 2 yemek kaşığı,5,1. Hamuru hazırlayın. || 2. Patatesli içi yerleştirin. || 3. Çörekleri 22 dakika pişirin.,3,"GLUTEN,SUT","misafir-sofrasi,vejetaryen",Patatesi soğutup ezmek hamur içinde daha kuru bir dolgu verir.,Ilık servis edin.,Baked Rolls with Potato and Lor,This Agri-style bake fills soft dough with potato and fresh curd for a hearty breakfast roll.,,,0,0,Gebäck mit Kartoffel und Lor,Dieses Gebäck nach Art aus Agri füllt weichen Teig mit Kartoffel und Frischkäse zu einer herzhaften Frühstücksrolle.,,,0,0
mihalic-peynirli-domates-boregi-bursa-usulu,Mihaliç Peynirli Domates Böreği,"Bursa usulü mihaliç peynirli domates böreği, ince yufkayı domates ve tuzlu yerel peynirle buluşturarak çıtır, kokulu ve paylaşmalık bir hamur işi yapar.",ATISTIRMALIK,tr,MEDIUM,18,22,40,6,274,Yufka 4 adet | Mihaliç peyniri 180 gr | Domates 3 adet | Zeytinyağı 2 yemek kaşığı,4,1. Domatesi ince doğrayın. || 2. Yufkaları içle katlayın. || 3. Böreği 22 dakika pişirin.,3,"GLUTEN,SUT","misafir-sofrasi,vejetaryen",Domatesi çekirdeklerinden arındırmak böreğin tabanını ıslatmaz.,Ilık servis edin.,Tomato Pastry with Mihalic Cheese,This Bursa-style pastry fills crisp sheets with tomato and Mihalic cheese for a savory bake.,,,0,0,Börek mit Tomate und Mihalic-Käse,Dieses Gebäck nach Art aus Bursa füllt knusprige Teigblätter mit Tomate und Mihalic-Käse zu einem herzhaften Ofengericht.,,,0,0
lorlu-kabak-corbasi-edirne-usulu,Lorlu Kabak Çorbası,"Edirne usulü lorlu kabak çorbası, kabağı lor ve dereotuyla buluşturarak yumuşak, hafif ve kaşık kaşık içilen bir çorba kurar.",CORBA,tr,EASY,10,16,26,4,152,Kabak 3 adet | Lor peyniri 120 gr | Dereotu 0.25 demet | Su 4 su bardağı | Zeytinyağı 1 yemek kaşığı,5,1. Kabağı tencerede 4 dakika çevirin. || 2. Su ile 10 dakika pişirin. || 3. Loru ekleyip karıştırın.,3,SUT,"vejetaryen,tek-tencere",Kabağı 10 dakika pişirip sonra loru eklemek çorbada pütürsüz bir kıvam sağlar.,Sıcak servis edin.,Zucchini Soup with Lor,This Edirne-style soup blends zucchini with fresh curd and dill for a light bowl.,,,0,0,Zucchinisuppe mit Lor,Diese Suppe nach Art aus Edirne verbindet Zucchini mit Frischkäse und Dill zu einer leichten Schale.,,,0,0
balikli-dereotu-pilaki-canakkale-usulu,Balıklı Dereotu Pilaki,"Çanakkale usulü balıklı dereotu pilaki, beyaz etli balığı soğan, patates ve dereotuyla buluşturarak hafif sulu ve zarif bir ana yemek hazırlar.",YEMEK,tr,MEDIUM,16,20,36,4,266,Levrek fileto 450 gr | Patates 2 adet | Soğan 1 adet | Dereotu 0.25 demet | Su 1 su bardağı,5,1. Soğan ve patatesi tencerede çevirin. || 2. Su ile 8 dakika pişirin. || 3. Balık ve dereotuyla 8 dakika daha pişirin.,3,DENIZ_URUNLERI,"yuksek-protein,tek-tencere",Balığı son 10 dakikada eklemek parçalara ayrılmasını önler.,Ilık servis edin.,Fish Pilaki with Dill,"This Canakkale-style main cooks white fish with potato, onion, and dill into a gentle pilaki.",,,0,0,Fisch-Pilaki mit Dill,"Dieses Hauptgericht nach Art aus Canakkale gart Weißfisch mit Kartoffel, Zwiebel und Dill zu einem sanften Pilaki.",,,0,0
kornisonlu-yumurta-salatasi-kocaeli-usulu,Kornişonlu Yumurta Salatası,"Kocaeli usulü kornişonlu yumurta salatası, haşlanmış yumurtayı kornişon ve yoğurtlu sosla buluşturarak ferah, tuzlu ve kahvaltılık bir salata yapar.",SALATA,tr,EASY,10,8,18,4,168,Yumurta 4 adet | Kornişon turşu 6 adet | Yoğurt 0.75 su bardağı | Dereotu 0.25 demet,4,1. Yumurtaları 8 dakika haşlayın. || 2. Turşuyu ince doğrayın. || 3. Tüm malzemeyi karıştırın.,3,"SUT,YUMURTA","30-dakika-alti,vejetaryen",Yumurtayı 8 dakika haşlamak salatada diri bir sarı merkez bırakır.,Soğuk servis edin.,Egg Salad with Cornichons,This Kocaeli-style salad combines boiled eggs with cornichons and yogurt for a cool breakfast side.,,,0,0,Eiersalat mit Cornichons,Dieser Salat nach Art aus Kocaeli verbindet gekochte Eier mit Cornichons und Joghurt zu einer kühlen Frühstücksbeilage.,,,0,0
visneli-kefir-icecegi-sakarya-usulu,Vişneli Kefir İçeceği,"Sakarya usulü vişneli kefir içeceği, kefiri vişne suyu ve buzla buluşturarak hafif ekşi, serin ve yazlık bir bardak çıkarır.",ICECEK,tr,EASY,5,0,5,3,64,Kefir 2 su bardağı | Vişne suyu 1 su bardağı | Buz 1 su bardağı,3,1. Sıvıları karıştırın. || 2. Bardaklara buz koyun. || 3. İçeceği pay edip servis edin.,3,SUT,"alkolsuz,30-dakika-alti,yaz-tarifi",Vişne suyunu önceden soğutmak kefirin keskin tadını daha dengeli hissettirir.,Soğuk servis edin.,Cherry Kefir Cooler,This Sakarya-style drink mixes kefir with cherry juice for a tart chilled refreshment.,,,0,0,Kirsch-Kefir-Getränk,Dieses Getränk nach Art aus Sakarya mischt Kefir mit Kirschsaft zu einer säuerlichen gekühlten Erfrischung.,,,0,0
kestaneli-mantar-sote-bilecik-usulu,Kestaneli Mantar Sote,"Bilecik usulü kestaneli mantar sote, mantarı kestane ve tereyağıyla buluşturarak topraksı, yumuşak ve sonbahar sofralarına uygun bir tabak yapar.",YEMEK,tr,EASY,12,14,26,4,194,Kültür mantarı 350 gr | Haşlanmış kestane 1 su bardağı | Tereyağı 1 yemek kaşığı | Karabiber 0.25 çay kaşığı,4,1. Mantarı tavaya alın. || 2. 5 dakika soteleyin. || 3. Kestane ile birlikte 5 dakika daha çevirin.,3,"SUT,KUSUYEMIS","vejetaryen,30-dakika-alti",Kestaneyi önceden haşlamak tavada mantarla eşit sürede yumuşamasını sağlar.,Ilık servis edin.,Mushroom Saute with Chestnuts,This Bilecik-style dish cooks mushrooms with chestnuts and butter into an autumn side.,,,0,0,Pilzpfanne mit Kastanien,Dieses Gericht nach Art aus Bilecik gart Pilze mit Kastanien und Butter zu einer herbstlichen Beilage.,,,0,0
kasarli-biberli-pide-tekirdag-usulu,Kaşarlı Biberli Pide,"Tekirdağ usulü kaşarlı biberli pide, yumuşak hamuru kapya biber ve kaşarla buluşturarak kızarmış, sıcak ve paylaşmalık bir fırın işi sunar.",ATISTIRMALIK,tr,MEDIUM,18,16,34,4,286,Un 2.5 su bardağı | Kaşar peyniri 180 gr | Kapya biber 2 adet | Su 0.75 su bardağı | Zeytinyağı 1 yemek kaşığı,5,1. Hamuru açın. || 2. Biber ve peyniri yerleştirin. || 3. Pideyi 16 dakika pişirin.,3,"GLUTEN,SUT","misafir-sofrasi,vejetaryen",Biberi önceden 3 dakika çevirmek pidenin orta kısmını ıslatmaz.,Ilık servis edin.,Pide with Cheese and Peppers,This Tekirdag-style pide tops soft dough with peppers and melting cheese for a warm shareable bake.,,,0,0,Pide mit Käse und Paprika,Dieses Gebäck nach Art aus Tekirdag belegt weichen Teig mit Paprika und schmelzendem Käse zu einem warmen Ofengericht zum Teilen.,,,0,0
ayvali-hardalli-yesil-salata-yalova-usulu,Ayvalı Hardallı Yeşil Salata,"Yalova usulü ayvalı hardallı yeşil salata, ayvayı hardallı sos ve yeşillikle buluşturarak gevrek, ferah ve hafif tatlı bir tabak kurar.",SALATA,tr,EASY,10,0,10,4,118,Karışık yeşillik 1 paket | Ayva 1 adet | Hardal 1 tatlı kaşığı | Limon suyu 1 yemek kaşığı | Zeytinyağı 1 yemek kaşığı,5,1. Ayvayı ince doğrayın. || 2. Sosu hazırlayın. || 3. Salatayı birleştirip servis edin.,3,HARDAL,"vegan,30-dakika-alti",Ayvayı servis öncesi doğramak yüzeyinin kararmasını önler.,Soğuk servis edin.,Green Salad with Quince and Mustard,This Yalova-style salad mixes greens with quince and mustard dressing for a crisp plate.,,,0,0,Grüner Salat mit Quitte und Senf,Dieser Salat nach Art aus Yalova mischt Blätter mit Quitte und Senfdressing zu einem knackigen Teller.,,,0,0
pancarli-muhallebi-kup-istanbul-usulu,Pancarli Muhallebi Kup,"İstanbul usulü pancarlı muhallebi kup, sütlü muhallebiyi hafif pancar rengi ve vanilya ile buluşturarak zarif, yumuşak ve küçük porsiyonluk bir tatlı yapar.",TATLI,tr,EASY,12,10,22,4,202,Süt 3 su bardağı | Mısır nişastası 3 yemek kaşığı | Pancar suyu 0.25 su bardağı | Şeker 0.5 su bardağı | Vanilya 1 çimdik,5,1. Muhallebiyi koyulaştırın. || 2. Pancar suyunu ekleyin. || 3. Kup içinde soğutup servis edin.,3,SUT,"misafir-sofrasi,vejetaryen",Pancar suyunu son bölümde eklemek rengin canlı kalmasına yardım eder.,Soğuk servis edin.,Beet Milk Pudding Cups,This Istanbul-style dessert tints milk pudding with beet for an elegant soft cup sweet.,,,0,0,Milchpudding-Becher mit Roter Bete,Dieses Dessert nach Art aus Istanbul färbt Milchpudding mit Roter Bete zu einer eleganten weichen Süßigkeit im Becher.,,,0,0
patatesli-soganli-midye-tava-istanbul-bogaz-usulu,Patatesli Soğanlı Midye Tava,"İstanbul Boğaz usulü patatesli soğanlı midye tava, midyeyi patates ve soğanla buluşturarak hafif çıtır, deniz kokulu ve paylaşmalık bir tava çıkarır.",YEMEK,tr,MEDIUM,14,16,30,4,248,Ayıklanmış midye 300 gr | Patates 2 adet | Soğan 1 adet | Zeytinyağı 2 yemek kaşığı,4,1. Patates ve soğanı tavada 8 dakika pişirin. || 2. Midyeyi ekleyin. || 3. 6 dakika daha pişirip servis edin.,3,DENIZ_URUNLERI,"misafir-sofrasi,30-dakika-alti",Midyeyi son 6 dakikada eklemek sertleşmesini önler.,Sıcak servis edin.,Skillet Mussels with Potatoes and Onion,This Bosphorus-style pan cooks mussels with potatoes and onion for a shareable coastal plate.,,,0,0,Muschelpfanne mit Kartoffeln und Zwiebeln,Diese Pfanne nach Bosporus-Art gart Muscheln mit Kartoffeln und Zwiebeln zu einem Küstenteller zum Teilen.,,,0,0
narenciyeli-semizotu-salatasi-antalya-usulu,Narenciyeli Semizotu Salatası,"Antalya usulü narenciyeli semizotu salatası, semizotunu portakal ve limonla buluşturarak ferah, sulu ve güneşli sofralara uygun bir salata yapar.",SALATA,tr,EASY,10,0,10,4,96,Semizotu 1 demet | Portakal 1 adet | Limon suyu 1 yemek kaşığı | Zeytinyağı 1 yemek kaşığı,4,1. Semizotunu yıkayın. || 2. Portakalı dilimleyin. || 3. Salatayı sosla birleştirip servis edin.,3,,"vegan,30-dakika-alti,yaz-tarifi",Portakalı servis öncesi dilimlemek suyunun salataya kontrollü geçmesini sağlar.,Soğuk servis edin.,Purslane Salad with Citrus,This Antalya-style salad pairs purslane with orange and lemon for a bright sunny plate.,,,0,0,Portulaksalat mit Zitrus,Dieser Salat nach Art aus Antalya verbindet Portulak mit Orange und Zitrone zu einem hellen sonnigen Teller.,,,0,0
domatesli-cokelek-sikma-mersin-usulu,Domatesli Çökelek Sıkma,"Mersin usulü domatesli çökelek sıkma, ince yufkayı çökelek ve domatesle buluşturarak sıcak, tuzlu ve sahil sabahlarına uygun bir dürüm yapar.",KAHVALTI,tr,EASY,10,8,18,3,244,Yufka 3 adet | Çökelek 180 gr | Domates 2 adet | Zeytinyağı 1 yemek kaşığı,4,1. İç harcı hazırlayın. || 2. Yufkayı sarın. || 3. Sıkmayı tavada 6 dakika ısıtın.,3,"GLUTEN,SUT","30-dakika-alti,vejetaryen",Domatesi küçük küp kesmek sıkmanın içinde düzenli bir dolgu sağlar.,Ilık servis edin.,Flatbread Wrap with Curd and Tomato,This Mersin-style breakfast wraps thin bread around curd cheese and tomato for a warm bite.,,,0,0,Sıkma mit Çökelek und Tomate,Dieses Frühstück nach Art aus Mersin wickelt dünnes Brot um Bruchkäse und Tomate zu einem warmen Bissen.,,,0,0
biberli-tavuk-guvec-adana-usulu,Biberli Tavuk Güveç,"Adana usulü biberli tavuk güveç, tavuk parçalarını yeşil biber ve domatesle buluşturarak sulu, hafif acılı ve sofralık bir ana yemek hazırlar.",YEMEK,tr,EASY,14,20,34,4,296,Tavuk kalça 650 gr | Yeşil biber 4 adet | Domates 3 adet | Zeytinyağı 2 yemek kaşığı,4,1. Malzemeleri güvece alın. || 2. Baharat ekleyin. || 3. 20 dakika pişirin.,3,,"yuksek-protein,tek-tencere",Biberi kalın doğramak güveçte diri kalmasına yardım eder.,Sıcak servis edin.,Chicken Casserole with Peppers,This Adana-style casserole cooks chicken with peppers and tomato into a spicy juicy main.,,,0,0,Hähnchen-Güveç mit Paprika,Dieses Hauptgericht nach Art aus Adana gart Hähnchen mit Paprika und Tomate zu einem würzigen saftigen Güveç.,,,0,0
gul-recelli-muhallebi-isparta-usulu,Gül Reçelli Muhallebi,"Isparta usulü gül reçelli muhallebi, sütlü tabanı gül reçeli ile buluşturarak zarif, çiçeksi ve serin bir tatlı kurar.",TATLI,tr,EASY,10,10,20,4,214,Süt 3 su bardağı | Mısır nişastası 3 yemek kaşığı | Şeker 0.5 su bardağı | Gül reçeli 4 yemek kaşığı,4,1. Muhallebiyi koyulaştırın. || 2. Kaselere pay edin. || 3. Gül reçeliyle servis edin.,3,SUT,"misafir-sofrasi,vejetaryen",Gül reçelini üst katmana eklemek muhallebinin pürüzsüz yapısını korur.,Soğuk servis edin.,Milk Pudding with Rose Jam,This Isparta-style dessert tops milk pudding with rose jam for an elegant floral finish.,,,0,0,Milchpudding mit Rosenkonfitüre,Dieses Dessert nach Art aus Isparta krönt Milchpudding mit Rosenkonfitüre zu einem eleganten blumigen Abschluss.,,,0,0
portakal-pekmez-soda-antalya-usulu,Portakal Pekmez Soda,"Antalya usulü portakal pekmez soda, portakal suyu ve az pekmezi soda ile buluşturarak tatlı-ekşi dengeli bir yaz içeceği oluşturur.",ICECEK,tr,EASY,5,0,5,4,38,Portakal suyu 1 su bardağı | Soda 3 su bardağı | Pekmez 1 yemek kaşığı | Buz 1 su bardağı,4,1. Pekmezi portakal suyunda açın. || 2. Bardakları buzla doldurun. || 3. Sodayla tamamlayın.,3,,"alkolsuz,30-dakika-alti,yaz-tarifi",Pekmezi çok az kullanmak sodayı ağırlaştırmadan renk ve gövde verir.,Soğuk servis edin.,Orange Molasses Soda,"This Antalya-style drink mixes orange juice, a touch of molasses, and soda into a bright cooler.",,,0,0,Orangen-Melasse-Soda,"Dieses Getränk nach Art aus Antalya mischt Orangensaft, etwas Melasse und Soda zu einem hellen Cooler.",,,0,0
firin-kabakli-bulgur-pilavi-burdur-usulu,Fırın Kabaklı Bulgur Pilavı,"Burdur usulü fırın kabaklı bulgur pilavı, bulguru fırınlanmış kabak ve soğanla buluşturarak hafif tatlı, taneli ve sade bir ana yemek yapar.",YEMEK,tr,EASY,12,20,32,4,214,Pilavlık bulgur 1.5 su bardağı | Kabak 3 adet | Soğan 1 adet | Su 3 su bardağı | Zeytinyağı 2 yemek kaşığı,5,1. Kabağı 12 dakika fırınlayın. || 2. Soğan ve bulguru çevirin. || 3. Kabakla birlikte 12 dakika pişirin.,3,GLUTEN,"vegan,tek-tencere",Kabağı 12 dakika fırınlamak pilavda daha yoğun bir tat bırakır.,Ilık servis edin.,Bulgur Pilaf with Roasted Zucchini,This Burdur-style pilaf combines bulgur with roasted zucchini for a simple grain main.,,,0,0,Bulgurpilaw mit Ofenzucchini,Dieser Pilaw nach Art aus Burdur verbindet Bulgur mit Ofenzucchini zu einem schlichten Körnerhauptgericht.,,,0,0
tarhanali-nohut-corbasi-kahramanmaras-usulu,Tarhanalı Nohut Çorbası,"Kahramanmaraş usulü tarhanalı nohut çorbası, yoğurtlu tarhanayı nohut ve nane ile buluşturarak ekşi, yoğun ve kışlık bir çorba hazırlar.",CORBA,tr,EASY,10,20,30,4,182,Tarhana 4 yemek kaşığı | Haşlanmış nohut 1 su bardağı | Su 5 su bardağı | Nane 0.5 çay kaşığı | Tereyağı 1 yemek kaşığı,5,1. Tarhanayı suyla açın. || 2. Nohutla birlikte kaynatın. || 3. Naneli yağı üstüne gezdirin.,3,"GLUTEN,SUT","tek-tencere,kis-tarifi",Tarhanayı soğuk suda açmak çorbada pürüzsüz bir kıvam verir.,Sıcak servis edin.,Tarhana Soup with Chickpeas,This Kahramanmaras-style soup cooks tarhana with chickpeas into a tangy winter bowl.,,,0,0,Tarhana-Suppe mit Kichererbsen,Diese Suppe nach Art aus Kahramanmaras kocht Tarhana mit Kichererbsen zu einer säuerlichen Winterschale.,,,0,0
patatesli-taze-fasulye-tava-osmaniye-usulu,Patatesli Taze Fasulye Tava,"Osmaniye usulü patatesli taze fasulye tava, fasulyeyi patates ve domatesle buluşturarak yumuşak, sulu ve günlük sofraya uygun bir sebze yemeği kurar.",YEMEK,tr,EASY,12,22,34,4,174,Taze fasulye 500 gr | Patates 2 adet | Domates 2 adet | Zeytinyağı 2 yemek kaşığı,4,1. Sebzeleri doğrayın. || 2. Tencereye alın. || 3. 22 dakika pişirin.,3,,"vegan,tek-tencere",Patatesi orta kalınlıkta doğramak fasulyeyle aynı sürede pişmesini sağlar.,Ilık servis edin.,Green Bean Pan with Potatoes,This Osmaniye-style vegetable dish cooks green beans with potatoes and tomato into a soft main.,,,0,0,Grüne-Bohnen-Pfanne mit Kartoffeln,Dieses Gemüsegericht nach Art aus Osmaniye gart grüne Bohnen mit Kartoffeln und Tomate zu einem weichen Hauptgericht.,,,0,0
tahinli-muzlu-gozleme-alanya-usulu,Tahinli Muzlu Gözleme,"Alanya usulü tahinli muzlu gözleme, ince hamuru tahin ve muzla buluşturarak hafif tatlı, sıcak ve sahil kahvaltılarına uygun bir hamur işi yapar.",KAHVALTI,tr,EASY,12,8,20,3,258,Yufka 3 adet | Tahin 3 yemek kaşığı | Muz 2 adet,3,1. Muzu ince dilimleyin. || 2. Yufkaya tahin sürüp muz yerleştirin. || 3. Gözlemeyi 6 dakika pişirin.,3,"GLUTEN,SUSAM","vejetaryen,30-dakika-alti",Muzu ince dilimlemek gözleme içinde daha dengeli yayılmasını sağlar.,Ilık servis edin.,Gozleme with Tahini and Banana,This Alanya-style flatbread fills thin dough with tahini and banana for a warm sweet bite.,,,0,0,Gözleme mit Tahin und Banane,Dieses Fladengebäck nach Art aus Alanya füllt dünnen Teig mit Tahin und Banane zu einem warmen süßen Bissen.,,,0,0
susamli-koz-biber-ezme-adana-usulu,Susamlı Köz Biber Ezme,"Adana usulü susamlı köz biber ezme, köz biberi susam ve sarımsakla buluşturarak yoğun, hafif isli ve sofrayı açan bir meze çıkarır.",APERATIF,tr,EASY,10,0,10,4,128,Köz biber 4 adet | Susam 2 yemek kaşığı | Sarımsak 1 diş | Zeytinyağı 1 yemek kaşığı,4,1. Biberleri ince doğrayın. || 2. Susamı kısa süre kavurun. || 3. Tüm malzemeyi ezin ve servis edin.,3,SUSAM,"vegan,30-dakika-alti",Susamı 2 dakika kuru tavada çevirmek ezmede daha canlı bir aroma verir.,Soğuk servis edin.,Roasted Pepper Mash with Sesame,This Adana-style meze blends roasted peppers with sesame into a smoky spread.,,,0,0,Geröstete Paprika-Ezme mit Sesam,Diese Meze nach Art aus Adana püriert geröstete Paprika mit Sesam zu einem rauchigen Aufstrich.,,,0,0
visneli-syrniki-rus-usulu,Vişneli Syrniki,"Vişneli syrniki, lor benzeri peyniri vişne sosu ile buluşturarak dışı hafif kızaran, içi yumuşak bir Rus usulü kahvaltı yapar.",KAHVALTI,ru,EASY,12,10,22,3,248,Lor peyniri 250 gr | Yumurta 1 adet | Un 3 yemek kaşığı | Vişne sosu 0.5 su bardağı,4,1. Hamuru hazırlayın. || 2. Küçük parçalar şekillendirin. || 3. Syrnikileri 8 dakika pişirin.,3,"GLUTEN,SUT,YUMURTA","vejetaryen,30-dakika-alti",Hamuru kısa dinlendirmek syrniki köftelerinin tavada daha iyi şekil tutmasını sağlar.,Ilık servis edin.,Syrniki with Cherry Sauce,This Russian-style breakfast fries soft cheese pancakes and tops them with cherry sauce.,,,0,0,Syrniki mit Kirschsauce,Dieses Frühstück nach russischer Art brät weiche Käsepfannkuchen und serviert sie mit Kirschsauce.,,,0,0
mantarli-arpa-corbasi-rus-usulu,Mantarlı Arpa Çorbası,"Mantarlı arpa çorbası, arpayı mantar ve soğanla buluşturarak sakin, doyurucu ve kışlık bir Rus usulü çorba kurar.",CORBA,ru,EASY,10,24,34,4,176,Arpa 0.75 su bardağı | Mantar 250 gr | Soğan 1 adet | Su 5 su bardağı,4,1. Soğanı ve mantarı çevirin. || 2. Arpa ve suyu ekleyin. || 3. Çorbayı 18 dakika pişirin.,3,GLUTEN,"vejetaryen,tek-tencere,kis-tarifi",Arpayı önceden 20 dakika suda bekletmek tencerede daha eşit pişme sağlar.,Sıcak servis edin.,Mushroom Barley Soup,This Russian-style soup simmers barley with mushrooms into a calm hearty bowl.,,,0,0,Pilz-Gerstensuppe,Diese Suppe nach russischer Art kocht Gerste mit Pilzen zu einer ruhigen herzhaften Schale.,,,0,0
stroganoff-dana-kasesi-rus-usulu,Stroganoff Dana Kasesi,"Stroganoff dana kasesi, dana etini mantar ve krema ile buluşturarak zengin, yumuşak ve rahatlatıcı bir Rus usulü ana yemek yapar.",YEMEK,ru,MEDIUM,14,18,32,4,318,Dana jülyen 500 gr | Mantar 250 gr | Krema 1 su bardağı | Soğan 1 adet | Tereyağı 1 yemek kaşığı,5,1. Eti 6 dakika mühürleyin. || 2. Mantar ve soğanı ekleyin. || 3. Krema ile 6 dakika daha pişirin.,3,SUT,"yuksek-protein,tek-tencere",Kremayı ateşin son bölümünde eklemek sosun kesilmesini önler.,Sıcak servis edin.,Beef Stroganoff Bowl,"This Russian-style main combines beef, mushrooms, and cream into a rich comforting bowl.",,,0,0,Rind-Stroganoff-Schale,"Dieses Hauptgericht nach russischer Art verbindet Rind, Pilze und Sahne zu einer reichen tröstlichen Schale.",,,0,0
bal-katli-medovik-kup-rus-usulu,Bal Katlı Medovik Kup,"Bal katlı medovik kup, bal aromalı kek parçalarını krema ile buluşturarak yumuşak, yoğun ve küçük porsiyonluk bir tatlı kurar.",TATLI,ru,EASY,12,0,12,4,268,Bal aromalı kek küpü 2 su bardağı | Krema 1 su bardağı | Bal 2 yemek kaşığı,3,1. Kup tabanına kek yerleştirin. || 2. Kremayı katmanlayın. || 3. Balla servis edin.,3,"GLUTEN,SUT,YUMURTA","misafir-sofrasi,vejetaryen,30-dakika-alti",Kek parçalarını küçük kesmek kup içinde daha dengeli katman oluşturur.,Soğuk servis edin.,Honey Layer Medovik Cups,This Russian-style dessert layers honey cake pieces with cream into a rich jar sweet.,,,0,0,Medovik-Becher mit Honigschichten,Dieses Dessert nach russischer Art schichtet Honigkuchenstücke mit Creme zu einer reichen Süßigkeit im Becher.,,,0,0
kizilcik-kvas-fizz-rus-usulu,Kızılcık Kvas Fizz,"Kızılcık kvas fizz, kvası kızılcık ve buzla buluşturarak hafif ekşi, serin ve fermente tatlı bir içecek oluşturur.",ICECEK,ru,EASY,6,0,6,4,36,Kvas 3 su bardağı | Kızılcık suyu 1 su bardağı | Buz 1 su bardağı,3,1. Bardakları buzla doldurun. || 2. Kızılcık suyunu pay edin. || 3. Kvasla tamamlayın.,3,GLUTEN,"alkolsuz,30-dakika-alti",Kvası en son eklemek içecekteki hafif köpüklü yapıyı korur.,Soğuk servis edin.,Cranberry Kvas Fizz,This Russian-style drink mixes kvas with cranberry for a tart sparkling glass.,,,0,0,Kwas-Fizz mit Preiselbeere,Dieses Getränk nach russischer Art mischt Kwas mit Preiselbeere zu einem säuerlichen sprudelnden Glas.,,,0,0
pan-con-tomate-yumurtali-tost-ispanyol-usulu,Pan Con Tomate Yumurtalı Tost,"Pan con tomate yumurtalı tost, kızarmış ekmeği domates ve yumuşak yumurtayla buluşturarak parlak, sade ve İspanyol usulü bir kahvaltı yapar.",KAHVALTI,es,EASY,8,6,14,2,238,Ekmek 4 dilim | Domates rendesi 1 su bardağı | Yumurta 2 adet | Zeytinyağı 1 yemek kaşığı,4,1. Ekmeği kızartın. || 2. Domatesi üzerine yayın. || 3. Yumurta ile servis edin.,3,"GLUTEN,YUMURTA","30-dakika-alti,vejetaryen",Ekmeği 3 dakika kızartmak domates suyuna karşı diri kalmasını sağlar.,Ilık servis edin.,Pan con Tomate Toast with Egg,This Spanish-style breakfast tops toast with tomato and soft eggs for a bright simple plate.,,,0,0,Pan con Tomate mit Ei,Dieses Frühstück nach spanischer Art belegt Toast mit Tomate und weichen Eiern zu einem hellen schlichten Teller.,,,0,0
ajo-blanco-corbasi-ispanyol-usulu,Ajo Blanco Çorbası,"Ajo blanco çorbası, badem, ekmek ve sarımsağı buluşturarak serin, ipeksi ve İspanyol usulü beyaz bir çorba çıkarır.",CORBA,es,EASY,12,0,12,4,182,Badem 0.75 su bardağı | Ekmek içi 1 su bardağı | Sarımsak 1 diş | Su 3 su bardağı | Zeytinyağı 2 yemek kaşığı,5,1. Malzemeleri blendera alın. || 2. Pürüzsüz olana kadar çekin. || 3. Soğuk servis edin.,3,"GLUTEN,KUSUYEMIS","vejetaryen,30-dakika-alti",Bademi 15 dakika suda bekletmek çorbanın daha pürüzsüz çekilmesini sağlar.,Soğuk servis edin.,Ajo Blanco Soup,"This Spanish-style chilled soup blends almonds, bread, and garlic into a silky white bowl.",,,0,0,Ajo-Blanco-Suppe,"Diese kalte Suppe nach spanischer Art mixt Mandeln, Brot und Knoblauch zu einer seidigen weißen Schale.",,,0,0
biberli-tavuk-pirinc-tava-ispanyol-usulu,Biberli Tavuk Pirinç Tava,"Biberli tavuk pirinç tava, tavuk parçalarını kırmızı biber ve pirinçle buluşturarak safran dokunuşlu, sulu ve İspanyol usulü bir ana yemek yapar.",YEMEK,es,EASY,14,18,32,4,304,Tavuk göğsü 500 gr | Pirinç 1.5 su bardağı | Kırmızı biber 2 adet | Su 3 su bardağı | Safran 1 çimdik,5,1. Tavuğu 6 dakika soteleyin. || 2. Pirinç ve biberi ekleyin. || 3. Suyla birlikte 12 dakika pişirin.,3,,"yuksek-protein,tek-tencere",Pirinci tavada 2 dakika çevirmek tanelerin daha parlak kalmasına yardım eder.,Sıcak servis edin.,Chicken Rice Skillet with Peppers,"This Spanish-style skillet cooks chicken, peppers, and rice into a brothy saffron-tinged main.",,,0,0,Reispfanne mit Hähnchen und Paprika,"Diese Pfanne nach spanischer Art gart Hähnchen, Paprika und Reis zu einem saftigen leicht safrierten Hauptgericht.",,,0,0
crema-catalana-kavanozu-ispanyol-usulu,Crema Catalana Kavanozu,"Crema catalana kavanozu, vanilyalı kremayı hafif karamel yüzey fikriyle buluşturarak yumuşak, zarif ve küçük porsiyonluk bir tatlı kurar.",TATLI,es,EASY,12,10,22,4,224,Süt 3 su bardağı | Yumurta sarısı 3 adet | Şeker 0.5 su bardağı | Vanilya 1 çimdik,4,1. Kremayı kısık ateşte pişirin. || 2. Kavanozlara pay edin. || 3. Soğutarak servis edin.,3,"SUT,YUMURTA","misafir-sofrasi,vejetaryen",Kremayı kısık ateşte pişirmek yumurta kokusunu baskılamadan bağlanmasını sağlar.,Soğuk servis edin.,Crema Catalana Jars,This Spanish-style dessert sets a vanilla custard into elegant small jars.,,,0,0,Crema-Catalana im Glas,Dieses Dessert nach spanischer Art setzt eine Vanillecreme in elegante kleine Gläser.,,,0,0
rebujito-limon-fizz-ispanyol-usulu,Rebujito Limon Fizz,"Rebujito limon fizz, limonu şeri tipi içki ve soda ile buluşturarak hafif, parlak ve uzun içimli bir kokteyl çıkarır.",KOKTEYL,es,EASY,6,0,6,2,168,Beyaz şarap 0.5 su bardağı | Limon suyu 2 yemek kaşığı | Soda 1 su bardağı | Buz 1 su bardağı,4,1. Bardağı buzla doldurun. || 2. İçki ve limonu ekleyin. || 3. Sodayla tamamlayın.,3,,"alkollu,30-dakika-alti",Sodayı en son eklemek kokteylde canlı bir köpük bırakır.,Soğuk servis edin.,Rebujito Lemon Fizz,"This Spanish-style cocktail mixes lemon, sherry-style wine, and soda into a bright long drink.",,,0,0,Rebujito-Zitronen-Fizz,"Dieser Cocktail nach spanischer Art mischt Zitrone, Sherry-Art-Wein und Soda zu einem hellen Longdrink.",,,0,0
tostones-yumurta-tabagi-kuba-usulu,Tostones Yumurta Tabağı,"Tostones yumurta tabağı, kızarmış muz dilimlerini yumurta ve avokadoyla buluşturarak sıcak, kıtır ve Küba usulü bir kahvaltı yapar.",KAHVALTI,cu,EASY,12,10,22,2,266,Yeşil muz 2 adet | Yumurta 2 adet | Avokado 1 adet | Ayçiçek yağı 3 yemek kaşığı,4,1. Muzları dilimleyip kızartın. || 2. Tostonesları ezip tekrar kızartın. || 3. Yumurta ile servis edin.,3,YUMURTA,"30-dakika-alti,vejetaryen",Muz dilimlerini iki aşamada kızartmak tostones dokusunu belirginleştirir.,Ilık servis edin.,Tostones Breakfast Plate with Egg,This Cuban-style breakfast pairs fried plantain rounds with eggs and avocado.,,,0,0,Tostones-Frühstücksteller mit Ei,Dieses Frühstück nach kubanischer Art verbindet gebratene Kochbananenscheiben mit Ei und Avocado.,,,0,0
siyah-fasulye-corbasi-kuba-usulu,Siyah Fasulye Çorbası,"Siyah fasulye çorbası, siyah fasulyeyi soğan ve kimyonla buluşturarak koyu, tok ve Küba usulü bir çorba çıkarır.",CORBA,cu,EASY,10,24,34,4,188,Haşlanmış siyah fasulye 2 su bardağı | Soğan 1 adet | Kimyon 0.5 çay kaşığı | Su 4 su bardağı,4,1. Soğanı kısa süre çevirin. || 2. Fasulye ve suyu ekleyin. || 3. Çorbayı 16 dakika pişirin.,3,,"vegan,tek-tencere",Fasulyenin yarısını ezmek çorbada koyu ama dengeli bir gövde sağlar.,Sıcak servis edin.,Black Bean Soup,This Cuban-style soup simmers black beans with onion and cumin into a deep hearty bowl.,,,0,0,Schwarze-Bohnen-Suppe,Diese Suppe nach kubanischer Art kocht schwarze Bohnen mit Zwiebel und Kreuzkümmel zu einer tiefen herzhaften Schale.,,,0,0
ropa-vieja-pirinc-bowl-kuba-usulu,Ropa Vieja Pirinç Bowl,"Ropa vieja pirinç bowl, didiklenmiş eti domates ve pirinçle buluşturarak zengin, sıcak ve Küba usulü bir ana yemek kurar.",YEMEK,cu,MEDIUM,14,20,34,4,318,Haşlanmış didiklenmiş dana eti 300 gr | Pirinç 2 su bardağı | Domates rendesi 1 su bardağı | Biber 1 adet,4,1. Domatesli sosu hazırlayın. || 2. Eti sosa ekleyin. || 3. Pirinçle birlikte servis edin.,3,,"yuksek-protein,tek-tencere",Eti ince didiklemek domatesli sosla daha hızlı bütünleşmesini sağlar.,Sıcak servis edin.,Ropa Vieja Rice Bowl,This Cuban-style bowl serves shredded beef with tomato and rice for a rich main.,,,0,0,Ropa-Vieja-Reisschale,Diese Schale nach kubanischer Art serviert zerpflücktes Rind mit Tomate und Reis zu einem reichen Hauptgericht.,,,0,0
hindistancevizli-flan-kup-kuba-usulu,Hindistancevizli Flan Kup,"Hindistancevizli flan kup, sütlü karışımı hindistancevizi dokunuşuyla buluşturarak yumuşak, serin ve tropik bir tatlı çıkarır.",TATLI,cu,EASY,10,12,22,4,216,Süt 2 su bardağı | Yumurta 2 adet | Şeker 0.5 su bardağı | Hindistancevizi rendesi 2 yemek kaşığı,4,1. Flan karışımını hazırlayın. || 2. Kaselere pay edin. || 3. Soğutup servis edin.,3,"SUT,YUMURTA","misafir-sofrasi,vejetaryen",Hindistancevizi rendesini üstte kullanmak kup içinde daha temiz bir doku bırakır.,Soğuk servis edin.,Coconut Flan Cups,This Cuban-style dessert sets a creamy flan with a light coconut finish.,,,0,0,Flan-Becher mit Kokos,Dieses Dessert nach kubanischer Art bindet einen cremigen Flan mit einem leichten Kokos-Abschluss.,,,0,0
guava-mojito-kuba-usulu,Guava Mojito,"Guava mojito, guava püresini rom, nane ve lime ile buluşturarak tropik, ferah ve uzun içimli bir kokteyl hazırlar.",KOKTEYL,cu,EASY,6,0,6,2,184,Rom 0.5 su bardağı | Guava püresi 0.25 su bardağı | Lime suyu 2 yemek kaşığı | Nane 0.25 demet | Buz 1 su bardağı,5,1. Bardağı buzla doldurun. || 2. Sıvıları ve naneyi ekleyin. || 3. Karıştırıp servis edin.,3,,"alkollu,30-dakika-alti",Guava püresini süzmek kokteylde daha temiz bir içim sağlar.,Soğuk servis edin.,Guava Mojito,"This Cuban-style cocktail shakes guava puree with rum, mint, and lime into a tropical long drink.",,,0,0,Guava-Mojito,"Dieser Cocktail nach kubanischer Art mixt Guavenpüree mit Rum, Minze und Limette zu einem tropischen Longdrink.",,,0,0
labneli-zaatar-tost-orta-dogu-usulu,Labneli Zaatar Tost,"Labneli zaatar tost, kızarmış ekmeği labne ve zaatar ile buluşturarak ferah, tuzlu ve hızlı bir Orta Doğu usulü kahvaltı yapar.",KAHVALTI,me,EASY,6,4,10,2,224,Ekmek 4 dilim | Labne 0.75 su bardağı | Zaatar 2 yemek kaşığı | Zeytinyağı 1 yemek kaşığı,4,1. Ekmeği kızartın. || 2. Labneyi sürün. || 3. Zaatarla servis edin.,3,"GLUTEN,SUT,SUSAM","vejetaryen,30-dakika-alti",Ekmeği 2 dakika kızartmak labnenin üstte taze kalmasını sağlar.,Ilık servis edin.,Zaatar Toast with Labneh,This Middle Eastern-style breakfast spreads toast with labneh and zaatar for a quick savory plate.,,,0,0,Toast mit Labneh und Zaatar,Dieses Frühstück nach nahöstlicher Art bestreicht Toast mit Labneh und Zaatar zu einem schnellen herzhaften Teller.,,,0,0
limonlu-kirmizi-mercimek-corbasi-orta-dogu-usulu,Limonlu Kırmızı Mercimek Çorbası,"Limonlu kırmızı mercimek çorbası, mercimeği kimyon ve limonla buluşturarak parlak, pürüzsüz ve Orta Doğu usulü bir çorba yapar.",CORBA,me,EASY,8,18,26,4,164,Kırmızı mercimek 1 su bardağı | Soğan 1 adet | Kimyon 0.5 çay kaşığı | Limon suyu 2 yemek kaşığı | Su 5 su bardağı,5,1. Soğanı kısa süre çevirin. || 2. Mercimek ve suyu ekleyin. || 3. Çorbayı 16 dakika pişirip limonla bitirin.,3,,"vegan,tek-tencere",Limonu ateşten aldıktan sonra eklemek çorbada daha temiz bir asidite bırakır.,Sıcak servis edin.,Lemon Red Lentil Soup,This Middle Eastern-style soup blends red lentils with cumin and lemon for a bright bowl.,,,0,0,Rote-Linsen-Suppe mit Zitrone,Diese Suppe nach nahöstlicher Art verbindet rote Linsen mit Kreuzkümmel und Zitrone zu einer hellen Schale.,,,0,0
sumakli-soganli-tavuk-tepsi-orta-dogu-usulu,Sumaklı Tavuk Tepsi,"Sumaklı tavuk tepsi, tavuk parçalarını soğan ve sumakla buluşturarak ekşi, sulu ve fırından çıkan güçlü bir ana yemek kurar.",YEMEK,me,EASY,14,24,38,4,304,Tavuk but 700 gr | Soğan 2 adet | Sumak 1 tatlı kaşığı | Zeytinyağı 2 yemek kaşığı,4,1. Malzemeleri tepsiye alın. || 2. Baharatlayın. || 3. 24 dakika pişirin.,3,,"firinda,yuksek-protein",Soğanı kalın doğramak tepside tavukla birlikte karamelize olmasına yardım eder.,Sıcak servis edin.,Sumac Chicken Tray Bake,This Middle Eastern-style tray bake roasts chicken with onion and sumac into a tangy main.,,,0,0,Hähnchenblech mit Sumach,Dieses Blechgericht nach nahöstlicher Art röstet Hähnchen mit Zwiebel und Sumach zu einem säuerlichen Hauptgericht.,,,0,0
hurmali-susamli-irmik-kup-orta-dogu-usulu,Hurmalı Susamlı İrmik Kup,"Hurmalı susamlı irmik kup, irmik tabanını hurma ve susamla buluşturarak tok, sıcak tonlu ve küçük porsiyonluk bir tatlı yapar.",TATLI,me,EASY,10,10,20,4,226,İrmik 4 yemek kaşığı | Süt 2 su bardağı | Hurma 8 adet | Susam 2 yemek kaşığı,4,1. İrmikli tabanı pişirin. || 2. Hurmayı çekin. || 3. Kup içinde katmanlayın.,3,"SUSAM,SUT,GLUTEN","vejetaryen,30-dakika-alti",Hurmayı sıcak suda 5 dakika bekletmek kup içinde daha pürüzsüz bir kıvam sağlar.,Soğuk servis edin.,Semolina Cups with Dates and Sesame,This Middle Eastern-style dessert combines semolina with dates and sesame for a rich small sweet.,,,0,0,Grießbecher mit Datteln und Sesam,Dieses Dessert nach nahöstlicher Art verbindet Grieß mit Datteln und Sesam zu einer reichen kleinen Süßigkeit.,,,0,0
narli-salatalik-cooler-orta-dogu-usulu,Narlı Salatalık Cooler,"Narlı salatalık cooler, nar suyunu salatalık ve nane ile buluşturarak serin, hafif tatlı-ekşi ve alkolsüz bir içecek oluşturur.",ICECEK,me,EASY,6,0,6,4,34,Nar suyu 1.5 su bardağı | Su 2.5 su bardağı | Salatalık 1 adet | Nane 0.25 demet | Buz 1 su bardağı,5,1. Salatalığı ince dilimleyin. || 2. Tüm sıvıları karıştırın. || 3. Buzla servis edin.,3,,"alkolsuz,30-dakika-alti,yaz-tarifi",Salatalığı ince dilimlemek içecekte ferah aromanın daha hızlı açılmasını sağlar.,Soğuk servis edin.,Pomegranate Cucumber Cooler,This Middle Eastern-style cooler mixes pomegranate with cucumber and mint for a fresh drink.,,,0,0,Granatapfel-Gurken-Cooler,Dieser Cooler nach nahöstlicher Art mischt Granatapfel mit Gurke und Minze zu einem frischen Getränk.,,,0,0
avokadolu-cancha-bowl-peru-usulu,Avokadolu Cancha Bowl,"Avokadolu cancha bowl, çıtır mısır tanelerini avokado ve lime ile buluşturarak gevrek, ferah ve Peru usulü bir kahvaltı kasesi yapar.",KAHVALTI,pe,EASY,10,4,14,2,228,Cancha mısırı 1 su bardağı | Avokado 1 adet | Lime suyu 1 yemek kaşığı | Taze soğan 1 adet,4,1. Canchayı kısa süre tavada ısıtın. || 2. Avokadoyu doğrayın. || 3. Bowl içinde birleştirip servis edin.,3,,"vejetaryen,30-dakika-alti",Canchayı servis anında eklemek kasede çıtırlığını korur.,Ilık servis edin.,Cancha Bowl with Avocado,This Peruvian-style bowl pairs toasted corn with avocado and lime for a crisp breakfast.,,,0,0,Cancha-Schale mit Avocado,Diese Schale nach peruanischer Art verbindet gerösteten Mais mit Avocado und Limette zu einem knusprigen Frühstück.,,,0,0
quinoa-chupe-corbasi-peru-usulu,Quinoa Chupe Çorbası,"Quinoa chupe çorbası, quinoayı mısır ve patatesle buluşturarak tok, yumuşak ve Peru usulü bir çorba kurar.",CORBA,pe,EASY,10,20,30,4,178,Quinoa 1 su bardağı | Mısır tanesi 1 su bardağı | Patates 1 adet | Süt 0.5 su bardağı | Su 4 su bardağı,5,1. Quinoayı yıkayın. || 2. Tüm malzemeyi tencereye alın. || 3. Çorbayı 18 dakika pişirin.,3,SUT,"vejetaryen,tek-tencere",Quinoayı yıkamak çorbada temiz bir tat bırakmasına yardım eder.,Sıcak servis edin.,Quinoa Chupe Soup,This Peruvian-style soup cooks quinoa with corn and potato into a soft hearty bowl.,,,0,0,Quinoa-Chupe-Suppe,Diese Suppe nach peruanischer Art kocht Quinoa mit Mais und Kartoffel zu einer weichen herzhaften Schale.,,,0,0
aji-panca-tavuk-tava-peru-usulu,Aji Panca Tavuk Tava,"Aji panca tavuk tava, tavuk parçalarını hafif füme acı biber sosu ile buluşturarak parlak, sulu ve Peru usulü bir ana yemek yapar.",YEMEK,pe,EASY,12,16,28,4,294,Tavuk göğsü 500 gr | Aji panca sos 2 yemek kaşığı | Soğan 1 adet | Zeytinyağı 2 yemek kaşığı,4,1. Tavuğu 6 dakika soteleyin. || 2. Soğanı ekleyin. || 3. Sosla birlikte 6 dakika pişirin.,3,,"yuksek-protein,30-dakika-alti",Aji panca sosunu tavuğa son 6 dakikada eklemek yüzeyde canlı bir parlaklık bırakır.,Sıcak servis edin.,Aji Panca Chicken Skillet,This Peruvian-style skillet cooks chicken with smoky aji panca sauce into a bright main.,,,0,0,Hähnchenpfanne mit Aji Panca,Diese Pfanne nach peruanischer Art gart Hähnchen mit rauchiger Aji-Panca-Sauce zu einem hellen Hauptgericht.,,,0,0
lucuma-yogurt-kup-peru-usulu,Lucuma Yoğurt Kup,"Lucuma yoğurt kup, yoğurdu lucuma püresi ve bisküvi kırıntısıyla buluşturarak serin, hafif karamelimsi ve küçük porsiyonluk bir tatlı oluşturur.",TATLI,pe,EASY,10,0,10,4,208,Yoğurt 2 su bardağı | Lucuma püresi 1 su bardağı | Bisküvi kırıntısı 1 su bardağı | Bal 2 yemek kaşığı,4,1. Yoğurdu ve balı karıştırın. || 2. Kup tabanına kırıntı serpin. || 3. Lucuma ile katmanlayın.,3,"GLUTEN,SUT","vejetaryen,30-dakika-alti",Lucuma püresini yoğurda nazikçe katlamak kup içinde iki tonlu bir görünüm bırakır.,Soğuk servis edin.,Lucuma Yogurt Cups,This Peruvian-style dessert layers yogurt with lucuma puree and crumbs into a cool sweet cup.,,,0,0,Joghurtbecher mit Lucuma,Dieses Dessert nach peruanischer Art schichtet Joghurt mit Lucuma-Püree und Bröseln zu einem kühlen süßen Becher.,,,0,0
pisco-ginger-fizz-peru-usulu,Pisco Ginger Fizz,"Pisco ginger fizz, pisconun taze zencefil ve lime ile buluştuğu ferah, kısa içimli ve Peru usulü bir kokteyldir.",KOKTEYL,pe,EASY,6,0,6,2,176,Pisco likör 0.5 su bardağı | Lime suyu 2 yemek kaşığı | Taze zencefil 1 tatlı kaşığı | Buz 1 su bardağı,4,1. Bardağı buzla doldurun. || 2. Sıvıları ve zencefili ekleyin. || 3. Karıştırıp servis edin.,3,,"alkollu,30-dakika-alti",Zencefili hafif ezmek kokteyle canlı ama baskın olmayan bir keskinlik verir.,Soğuk servis edin.,Pisco Ginger Fizz,This Peruvian-style cocktail mixes pisco with fresh ginger and lime into a bright short drink.,,,0,0,Pisco-Ginger-Fizz,Dieser Cocktail nach peruanischer Art mischt Pisco mit frischem Ingwer und Limette zu einem hellen Shortdrink.,,,0,0
biscuit-gravy-tepsi-amerikan-usulu,Biscuit Gravy Tepsi,"Biscuit gravy tepsi, yumuşak bisküvileri kremalı sosla buluşturarak sıcak, yoğun ve Amerikan usulü bir kahvaltı tabağı yapar.",KAHVALTI,us,EASY,12,14,26,4,312,Biscuit hamuru 8 adet | Süt 2 su bardağı | Un 2 yemek kaşığı | Tereyağı 2 yemek kaşığı,4,1. Sosu hazırlayın. || 2. Biscuitleri pişirin. || 3. Sosla birlikte servis edin.,3,"GLUTEN,SUT",misafir-sofrasi,Sosu orta ateşte çevirmek un tadı kalmadan pürüzsüz bir kıvam sağlar.,Sıcak servis edin.,Biscuits and Gravy Bake,This American-style breakfast pairs soft biscuits with creamy gravy for a hearty plate.,,,0,0,Biscuits-and-Gravy-Auflauf,Dieses Frühstück nach amerikanischer Art verbindet weiche Brötchen mit cremiger Sauce zu einem herzhaften Teller.,,,0,0
sweet-corn-chowder-amerikan-usulu,Sweet Corn Chowder,"Sweet corn chowder, mısırı patates ve süt ile buluşturarak yumuşak, kremamsı ve Amerikan usulü bir çorba kurar.",CORBA,us,EASY,10,18,28,4,196,Mısır tanesi 2 su bardağı | Patates 1 adet | Süt 1.5 su bardağı | Su 2 su bardağı | Tereyağı 1 yemek kaşığı,5,1. Sebzeleri tencereye alın. || 2. 12 dakika pişirin. || 3. Sütün bir kısmıyla çorbayı bağlayın.,3,SUT,"vejetaryen,tek-tencere",Mısırın yarısını blenderdan geçirmek çorbada dengeli bir gövde oluşturur.,Sıcak servis edin.,Sweet Corn Chowder,This American-style soup cooks corn and potato into a creamy comforting chowder.,,,0,0,Mais-Chowder,Diese Suppe nach amerikanischer Art kocht Mais und Kartoffel zu einer cremigen tröstlichen Chowder.,,,0,0
maple-tavuklu-pirinc-tava-amerikan-usulu,Maple Tavuklu Pirinç Tava,"Maple tavuklu pirinç tava, tavuk parçalarını pirinç ve hafif maple dokunuşuyla buluşturarak tatlı-tuzlu dengeli bir ana yemek sunar.",YEMEK,us,EASY,12,18,30,4,308,Tavuk göğsü 500 gr | Pirinç 1.5 su bardağı | Maple şurubu 1 yemek kaşığı | Su 3 su bardağı,4,1. Tavuğu 6 dakika pişirin. || 2. Pirinç ve suyu ekleyin. || 3. Maple ile 12 dakika pişirin.,3,,"yuksek-protein,tek-tencere",Maple şurubu az kullanmak tavada karamel tadı verir ama yemeği şekerli yapmaz.,Sıcak servis edin.,Maple Chicken Rice Skillet,"This American-style skillet combines chicken, rice, and a touch of maple into a balanced main.",,,0,0,Hähnchen-Reispfanne mit Ahorn,"Diese Pfanne nach amerikanischer Art verbindet Hähnchen, Reis und etwas Ahorn zu einem ausgewogenen Hauptgericht.",,,0,0
blueberry-oat-kup-amerikan-usulu,Blueberry Oat Kup,"Blueberry oat kup, yulafı yoğurt ve yaban mersiniyle buluşturarak serin, hafif ve pratik bir tatlı ya da kahvaltı kupu yapar.",TATLI,us,EASY,8,0,8,4,194,Yulaf 1 su bardağı | Yoğurt 2 su bardağı | Yaban mersini 1 su bardağı | Bal 2 yemek kaşığı,4,1. Yulaf ve yoğurdu karıştırın. || 2. Kup içinde katmanlayın. || 3. Yaban mersiniyle servis edin.,3,"GLUTEN,SUT","vejetaryen,30-dakika-alti",Yulafı 10 dakika bekletmek kup içinde daha yumuşak bir doku oluşturur.,Soğuk servis edin.,Blueberry Oat Cups,"This American-style cup layers oats, yogurt, and blueberries into a cool quick sweet.",,,0,0,Blueberry-Hafer-Becher,"Diese Süßigkeit nach amerikanischer Art schichtet Hafer, Joghurt und Heidelbeeren zu einem kühlen schnellen Becher.",,,0,0
bourbon-cherry-smash-amerikan-usulu,Bourbon Cherry Smash,"Bourbon cherry smash, bourbonu vişne ve limonla buluşturarak kısa içimli, canlı ve Amerikan usulü bir kokteyl çıkarır.",KOKTEYL,us,EASY,6,0,6,2,178,Viski 0.5 su bardağı | Vişne suyu 0.25 su bardağı | Limon suyu 2 yemek kaşığı | Buz 1 su bardağı,4,1. Bardağı buzla doldurun. || 2. Sıvıları ekleyin. || 3. Karıştırıp servis edin.,3,,"alkollu,30-dakika-alti",Vişneyi hafif ezmek kokteylde meyve notasını belirginleştirir.,Soğuk servis edin.,Bourbon Cherry Smash,This American-style cocktail stirs bourbon with cherry and lemon into a bright short drink.,,,0,0,Bourbon-Kirsch-Smash,Dieser Cocktail nach amerikanischer Art rührt Bourbon mit Kirsche und Zitrone zu einem hellen Shortdrink.,,,0,0
